con_type,name,id,iso_code,gwno,iso_n,gwc,Tracker,tracker_country,tracker_url,search_pax,total_agreements,unique_processes,peace_process_text,ucdp_country_id,ucdp_country,ucdp_fatalities_last_12,ucdp_events_last_12,ucdp_fatalities_last_month,ucdp_events_last_month,ucdp_fatalities_prev_month,ucdp_events_prev_month,ucdp_fatalities_prev_12_months,ucdp_events_prev_12_months,ucdp_change_in_events_last_month,ucdp_change_in_fatalities_last_month,ucdp_change_in_events_last_12_months,ucdp_change_in_fatalities_last_12_months,ucdp_percent_change_in_events_last_month,ucdp_percent_change_in_fatalities_last_month,ucdp_percent_change_in_events_last_12_months,ucdp_percent_change_in_fatalities_last_12_months,ucdp_last_updated,acled_iso,acled_country,acled_fatalities_last_12,acled_events_last_12,acled_fatalities_last_month,acled_events_last_month,acled_fatalities_prev_month,acled_events_prev_month,acled_fatalities_prev_12_months,acled_events_prev_12_months,acled_change_in_events_last_month,acled_change_in_fatalities_last_month,acled_change_in_events_last_12_months,acled_change_in_fatalities_last_12_months,acled_percent_change_in_events_last_month,acled_percent_change_in_fatalities_last_month,acled_percent_change_in_events_last_12_months,acled_percent_change_in_fatalities_last_12_months,acled_last_updated,gpi_rank_value,gpi_total_con,gpi_summary,cpi_rank_value,cpi_total_con,cpi_summary,ipc_summary,idmc_summary,inform_summary,nap_summary,sm_general_updates,general_updates
pax,Afghanistan,5.0,AFG,700.0,4.0,AFG,1.0,Afghanistan,https://www.peaceagreements.org/tracker/afghanistan,https://www.peaceagreements.org/agreements/search/?search_type=basic-search&countries=5&match_any_issues=True&name=&text=&signed_after=&signed_before=,27,3,"<ul><li>The most recent agreement signed in Afghanistan was <a href=""https://www.peaceagreements.org/agreements/2637/"" target=""_blank"">Doha Peace Negotiations Procedure (2020-12-14)</a>, as part of the Afghanistan: 2000s Post-intervention process.</li><li>There has been a total of 27 agreements in Afghanistan, since the first agreement was signed in 1992 (<a href=""https://www.peaceagreements.org/agreements/482/"" target=""_blank"">Peshawar Accord (1992-04-24)</a>), in 3 peace processes (Afghanistan: 1990s Taliban process, Afghanistan: 2000s Post-intervention process, Afghanistan Islamic-Emirates-intra-Afghan).</li></ul>",700.0,Afghanistan,249.0,83.0,2.0,2.0,9.0,5.0,247.0,152.0,-3.0,-7.0,-69.0,2.0,-60.0,-77.77777777777779,-45.39473684210527,0.8097165991902834,2025-07-31,4.0,Afghanistan,1150.0,1336.0,49.0,90.0,61.0,61.0,1287.0,1363.0,29.0,-12.0,-27.0,-137.0,47.540983606557376,-19.672131147540984,-1.9809244314013204,-10.644910644910645,2025-08-15,160.0,165,Afghanistan ranked 160 out of 165 countries in the Global Peace Index (2024).,165.0,181,Afghanistan ranked 165 out of 181 countries in the Corruption Perception Index (2024).,"In the current period of analysis (Mar 2025) by the <a href='https://data.humdata.org/dataset/global-acute-food-insecurity-country-data', target='_blank'>IPC</a>, 27% of the population of Afghanistan are in IPC Phase 3+ (in food crisis), an estimated 12590286 people. 4% (1954959 people) are estimated to be in Phase 4 (emergency).","In Afghanistan there has been a total of 4,186,882 people displaced, with 3,219 new displacements in 2024 [<a href='https://data.humdata.org/dataset/idmc-internal-displacements-new-displacements-idps', target='_blank'>IDMC</a>].","There are 2 current crises and severity categories listed in the <a href=""https://www.acaps.org/en/thematics/all-topics/inform-severity-index"" target=""_blank"">INFORM Severity Index</a> for Afghanistan: Complex crisis in Afghanistan (Very High), Earthquake in Herat Province (Medium), as of 24/07/25.","Afghanistan is one of 12 focus countries in the UK's WPS <a href='https://assets.publishing.service.gov.uk/government/uploads/system/uploads/attachment_data/file/1156085/uk-women-peace-security-national-action-plan-2023-2027.pdf', target='_blank'>National Action Plan</a> for 2023-2027. ","<ul><li>In the current period of analysis (Mar 2025) by the <a href='https://data.humdata.org/dataset/global-acute-food-insecurity-country-data', target='_blank'>IPC</a>, 27% of the population of Afghanistan are in IPC Phase 3+ (in food crisis), an estimated 12590286 people. 4% (1954959 people) are estimated to be in Phase 4 (emergency).</li><li>In Afghanistan there has been a total of 4,186,882 people displaced, with 3,219 new displacements in 2024 [<a href='https://data.humdata.org/dataset/idmc-internal-displacements-new-displacements-idps', target='_blank'>IDMC</a>].</li><li>There are 2 current crises and severity categories listed in the <a href=""https://www.acaps.org/en/thematics/all-topics/inform-severity-index"" target=""_blank"">INFORM Severity Index</a> for Afghanistan: Complex crisis in Afghanistan (Very High), Earthquake in Herat Province (Medium), as of 24/07/25.</li><li>Afghanistan is one of 12 focus countries in the UK's WPS <a href='https://assets.publishing.service.gov.uk/government/uploads/system/uploads/attachment_data/file/1156085/uk-women-peace-security-national-action-plan-2023-2027.pdf', target='_blank'>National Action Plan</a> for 2023-2027.</li></ul>","<ul><li>Afghanistan ranked 160 out of 165 countries in the Global Peace Index (2024).</li><li>Afghanistan ranked 165 out of 181 countries in the Corruption Perception Index (2024).</li><li>In the current period of analysis (Mar 2025) by the <a href='https://data.humdata.org/dataset/global-acute-food-insecurity-country-data', target='_blank'>IPC</a>, 27% of the population of Afghanistan are in IPC Phase 3+ (in food crisis), an estimated 12590286 people. 4% (1954959 people) are estimated to be in Phase 4 (emergency).</li><li>In Afghanistan there has been a total of 4,186,882 people displaced, with 3,219 new displacements in 2024 [<a href='https://data.humdata.org/dataset/idmc-internal-displacements-new-displacements-idps', target='_blank'>IDMC</a>].</li><li>There are 2 current crises and severity categories listed in the <a href=""https://www.acaps.org/en/thematics/all-topics/inform-severity-index"" target=""_blank"">INFORM Severity Index</a> for Afghanistan: Complex crisis in Afghanistan (Very High), Earthquake in Herat Province (Medium), as of 24/07/25.</li><li>Afghanistan is one of 12 focus countries in the UK's WPS <a href='https://assets.publishing.service.gov.uk/government/uploads/system/uploads/attachment_data/file/1156085/uk-women-peace-security-national-action-plan-2023-2027.pdf', target='_blank'>National Action Plan</a> for 2023-2027.</li></ul>"
pax,Algeria,8.0,DZA,615.0,12.0,ALG,2.0,All,https://www.peaceagreements.org/tracker/all,https://www.peaceagreements.org/agreements/search/?search_type=basic-search&countries=8&match_any_issues=True&name=&text=&signed_after=&signed_before=,6,1,"<ul><li>The most recent agreement signed in Algeria was <a href=""https://www.peaceagreements.org/agreements/1595/"" target=""_blank"">Project de charte pour la paix et la réconciliation nationale (2005-08-14)</a>, as part of the Algeria: Bouteflika Process.</li><li>There has been a total of 6 agreements in Algeria, since the first agreement was signed in 1994 (<a href=""https://www.peaceagreements.org/agreements/484/"" target=""_blank"">Plate-forme portant consensus national sur la période transitoire (1994-01-26)</a>), in 1 peace process (Algeria: Bouteflika Process).</li></ul>",,,,,,,,,,,,,,,,,,,,12.0,Algeria,30.0,175.0,8.0,11.0,0.0,6.0,29.0,142.0,5.0,8.0,33.0,1.0,83.33333333333334,0.0,23.239436619718308,3.4482758620689653,2025-08-15,90.0,165,Algeria ranked 90 out of 165 countries in the Global Peace Index (2024).,107.0,181,Algeria ranked 107 out of 181 countries in the Corruption Perception Index (2024).,,,"There are 3 current crises and severity categories listed in the <a href=""https://www.acaps.org/en/thematics/all-topics/inform-severity-index"" target=""_blank"">INFORM Severity Index</a> for Algeria: Displacement of Sahrawi refugees to Tindouf (Medium), International displacement to Algeria (Medium), Multiple crises in Algeria (Medium), as of 27/07/25.",,"<ul><li>There are 3 current crises and severity categories listed in the <a href=""https://www.acaps.org/en/thematics/all-topics/inform-severity-index"" target=""_blank"">INFORM Severity Index</a> for Algeria: Displacement of Sahrawi refugees to Tindouf (Medium), International displacement to Algeria (Medium), Multiple crises in Algeria (Medium), as of 27/07/25.</li></ul>","<ul><li>Algeria ranked 90 out of 165 countries in the Global Peace Index (2024).</li><li>Algeria ranked 107 out of 181 countries in the Corruption Perception Index (2024).</li><li>There are 3 current crises and severity categories listed in the <a href=""https://www.acaps.org/en/thematics/all-topics/inform-severity-index"" target=""_blank"">INFORM Severity Index</a> for Algeria: Displacement of Sahrawi refugees to Tindouf (Medium), International displacement to Algeria (Medium), Multiple crises in Algeria (Medium), as of 27/07/25.</li></ul>"
pax,Angola,9.0,AGO,540.0,24.0,ANG,2.0,All,https://www.peaceagreements.org/tracker/all,https://www.peaceagreements.org/agreements/search/?search_type=basic-search&countries=9&match_any_issues=True&name=&text=&signed_after=&signed_before=,17,3,"<ul><li>The most recent agreement signed in Angola was <a href=""https://www.peaceagreements.org/agreements/789/"" target=""_blank"">Peace, Security and Cooperation Framework for the Democratic Republic of the Congo and the region (2013-02-24)</a>, as part of the African Great Lakes: Regional Process.</li><li>There has been a total of 17 agreements in Angola, since the first agreement was signed in 1991 (<a href=""https://www.peaceagreements.org/agreements/207/"" target=""_blank"">Peace Accords for Angola, Lisbon ('Bicesse Accords') (1991-05-31)</a>), in 3 peace processes (Angola: UNITA process, African Great Lakes: Regional Process, Cabinda process).</li></ul>",,,,,,,,,,,,,,,,,,,,24.0,Angola,171.0,116.0,57.0,24.0,2.0,7.0,121.0,121.0,17.0,55.0,-5.0,50.0,242.85714285714283,2750.0,-4.132231404958678,41.32231404958678,2025-08-15,73.0,165,Angola ranked 73 out of 165 countries in the Global Peace Index (2024).,121.0,181,Angola ranked 121 out of 181 countries in the Corruption Perception Index (2024).,"In the current period of analysis (Jun 2021) by the <a href='https://data.humdata.org/dataset/global-acute-food-insecurity-country-data', target='_blank'>IPC</a>, 49% of the population of Angola are in IPC Phase 3+ (in food crisis), an estimated 1315532 people. 12% (307288 people) are estimated to be in Phase 4 (emergency).",,"There is 1 current crisis and severity category listed in the <a href=""https://www.acaps.org/en/thematics/all-topics/inform-severity-index"" target=""_blank"">INFORM Severity Index</a> for Angola: Drought in South-West Angola (High), as of 29/07/25.",,"<ul><li>In the current period of analysis (Jun 2021) by the <a href='https://data.humdata.org/dataset/global-acute-food-insecurity-country-data', target='_blank'>IPC</a>, 49% of the population of Angola are in IPC Phase 3+ (in food crisis), an estimated 1315532 people. 12% (307288 people) are estimated to be in Phase 4 (emergency).</li><li>There is 1 current crisis and severity category listed in the <a href=""https://www.acaps.org/en/thematics/all-topics/inform-severity-index"" target=""_blank"">INFORM Severity Index</a> for Angola: Drought in South-West Angola (High), as of 29/07/25.</li></ul>","<ul><li>Angola ranked 73 out of 165 countries in the Global Peace Index (2024).</li><li>Angola ranked 121 out of 181 countries in the Corruption Perception Index (2024).</li><li>In the current period of analysis (Jun 2021) by the <a href='https://data.humdata.org/dataset/global-acute-food-insecurity-country-data', target='_blank'>IPC</a>, 49% of the population of Angola are in IPC Phase 3+ (in food crisis), an estimated 1315532 people. 12% (307288 people) are estimated to be in Phase 4 (emergency).</li><li>There is 1 current crisis and severity category listed in the <a href=""https://www.acaps.org/en/thematics/all-topics/inform-severity-index"" target=""_blank"">INFORM Severity Index</a> for Angola: Drought in South-West Angola (High), as of 29/07/25.</li></ul>"
pax,Argentina,11.0,ARG,160.0,32.0,ARG,2.0,All,https://www.peaceagreements.org/tracker/all,https://www.peaceagreements.org/agreements/search/?search_type=basic-search&countries=11&match_any_issues=True&name=&text=&signed_after=&signed_before=,2,1,"<ul><li>The most recent agreement signed in Argentina was <a href=""https://www.peaceagreements.org/agreements/423/"" target=""_blank"">Joint Declaration on Cooperation over Offshore Activities in the South West Atlantic (1995-09-27)</a>, as part of the Argentina-UK: Falklands process.</li><li>There has been a total of 2 agreements in Argentina, since the first agreement was signed in 1990 (<a href=""https://www.peaceagreements.org/agreements/431/"" target=""_blank"">Joint Statement of Confidence-Building Measures, including an Information and Consultation System and Safety Measures for Air and Maritime Navigation (1990-02-15)</a>), in 1 peace process (Argentina-UK: Falklands process).</li></ul>",,,,,,,,,,,,,,,,,,,,32.0,Argentina,2.0,1626.0,1.0,105.0,0.0,165.0,4.0,1134.0,-60.0,1.0,492.0,-2.0,-36.36363636363637,0.0,43.386243386243386,-50.0,2025-08-15,47.0,165,Argentina ranked 47 out of 165 countries in the Global Peace Index (2024).,99.0,181,Argentina ranked 99 out of 181 countries in the Corruption Perception Index (2024).,,,,, ,<ul><li>Argentina ranked 47 out of 165 countries in the Global Peace Index (2024).</li><li>Argentina ranked 99 out of 181 countries in the Corruption Perception Index (2024).</li></ul>
pax,Armenia,12.0,ARM,371.0,51.0,ARM,2.0,All,https://www.peaceagreements.org/tracker/all,https://www.peaceagreements.org/agreements/search/?search_type=basic-search&countries=12&match_any_issues=True&name=&text=&signed_after=&signed_before=,32,3,"<ul><li>The most recent agreement signed in Armenia was <a href=""https://www.peaceagreements.org/agreements/2601/"" target=""_blank"">Joint statement of the Presidential Administration of the Republic of Azerbaijan and the Office of the Prime Minister of the Republic of Armenia (2023-12-07)</a>, as part of the Armenia-Azerbaijan-Nagorno Karabakh: Process 2020.</li><li>There has been a total of 32 agreements in Armenia, since the first agreement was signed in 1991 (<a href=""https://www.peaceagreements.org/agreements/611/"" target=""_blank"">Zheleznovodsk Declaration (1991-09-23)</a>), in 3 peace processes (Armenia-Azerbaijan-Nagorno Karabakh: Process 1990s, Armenia-Azerbaijan-Nagorno Karabakh: OSCE Minsk Process, Armenia-Azerbaijan-Nagorno Karabakh: Process 2020).</li></ul>",,,,,,,,,,,,,,,,,,,,51.0,Armenia,0.0,405.0,0.0,14.0,0.0,49.0,8.0,426.0,-35.0,0.0,-21.0,-8.0,-71.42857142857143,0.0,-4.929577464788732,-100.0,2025-08-15,77.0,165,Armenia ranked 77 out of 165 countries in the Global Peace Index (2024).,63.0,181,Armenia ranked 63 out of 181 countries in the Corruption Perception Index (2024).,,"In Armenia, there were no reported displacements in 2024 [<a href='https://data.humdata.org/dataset/idmc-internal-displacements-new-displacements-idps', target='_blank'>IDMC</a>].","There are 2 current crises and severity categories listed in the <a href=""https://www.acaps.org/en/thematics/all-topics/inform-severity-index"" target=""_blank"">INFORM Severity Index</a> for Armenia: Nagorno-Karabakh Conflict in Armenia (Medium), Refugees from Nagorno-Karabakh in Armenia (Medium), as of 28/03/25.",,"<ul><li>In Armenia, there were no reported displacements in 2024 [<a href='https://data.humdata.org/dataset/idmc-internal-displacements-new-displacements-idps', target='_blank'>IDMC</a>].</li><li>There are 2 current crises and severity categories listed in the <a href=""https://www.acaps.org/en/thematics/all-topics/inform-severity-index"" target=""_blank"">INFORM Severity Index</a> for Armenia: Nagorno-Karabakh Conflict in Armenia (Medium), Refugees from Nagorno-Karabakh in Armenia (Medium), as of 28/03/25.</li></ul>","<ul><li>Armenia ranked 77 out of 165 countries in the Global Peace Index (2024).</li><li>Armenia ranked 63 out of 181 countries in the Corruption Perception Index (2024).</li><li>In Armenia, there were no reported displacements in 2024 [<a href='https://data.humdata.org/dataset/idmc-internal-displacements-new-displacements-idps', target='_blank'>IDMC</a>].</li><li>There are 2 current crises and severity categories listed in the <a href=""https://www.acaps.org/en/thematics/all-topics/inform-severity-index"" target=""_blank"">INFORM Severity Index</a> for Armenia: Nagorno-Karabakh Conflict in Armenia (Medium), Refugees from Nagorno-Karabakh in Armenia (Medium), as of 28/03/25.</li></ul>"
pax,Azerbaijan,16.0,AZE,373.0,31.0,AZE,2.0,All,https://www.peaceagreements.org/tracker/all,https://www.peaceagreements.org/agreements/search/?search_type=basic-search&countries=16&match_any_issues=True&name=&text=&signed_after=&signed_before=,32,3,"<ul><li>The most recent agreement signed in Azerbaijan was <a href=""https://www.peaceagreements.org/agreements/2601/"" target=""_blank"">Joint statement of the Presidential Administration of the Republic of Azerbaijan and the Office of the Prime Minister of the Republic of Armenia (2023-12-07)</a>, as part of the Armenia-Azerbaijan-Nagorno Karabakh: Process 2020.</li><li>There has been a total of 32 agreements in Azerbaijan, since the first agreement was signed in 1991 (<a href=""https://www.peaceagreements.org/agreements/611/"" target=""_blank"">Zheleznovodsk Declaration (1991-09-23)</a>), in 3 peace processes (Armenia-Azerbaijan-Nagorno Karabakh: Process 1990s, Armenia-Azerbaijan-Nagorno Karabakh: OSCE Minsk Process, Armenia-Azerbaijan-Nagorno Karabakh: Process 2020).</li></ul>",,,,,,,,,,,,,,,,,,,,31.0,Azerbaijan,6.0,94.0,0.0,4.0,0.0,7.0,552.0,390.0,-3.0,0.0,-296.0,-546.0,-42.857142857142854,0.0,-75.8974358974359,-98.91304347826086,2025-08-15,106.0,165,Azerbaijan ranked 106 out of 165 countries in the Global Peace Index (2024).,154.0,181,Azerbaijan ranked 154 out of 181 countries in the Corruption Perception Index (2024).,,"In Azerbaijan, there has been a total of 657,996 people displaced as of end of 2024 [<a href='https://data.humdata.org/dataset/idmc-internal-displacements-new-displacements-idps', target='_blank'>IDMC</a>].","There is 1 current crisis and severity category listed in the <a href=""https://www.acaps.org/en/thematics/all-topics/inform-severity-index"" target=""_blank"">INFORM Severity Index</a> for Azerbaijan: Nagorno-Karabakh conflict in Azerbaijan (Low), as of 25/09/24.",,"<ul><li>In Azerbaijan, there has been a total of 657,996 people displaced as of end of 2024 [<a href='https://data.humdata.org/dataset/idmc-internal-displacements-new-displacements-idps', target='_blank'>IDMC</a>].</li><li>There is 1 current crisis and severity category listed in the <a href=""https://www.acaps.org/en/thematics/all-topics/inform-severity-index"" target=""_blank"">INFORM Severity Index</a> for Azerbaijan: Nagorno-Karabakh conflict in Azerbaijan (Low), as of 25/09/24.</li></ul>","<ul><li>Azerbaijan ranked 106 out of 165 countries in the Global Peace Index (2024).</li><li>Azerbaijan ranked 154 out of 181 countries in the Corruption Perception Index (2024).</li><li>In Azerbaijan, there has been a total of 657,996 people displaced as of end of 2024 [<a href='https://data.humdata.org/dataset/idmc-internal-displacements-new-displacements-idps', target='_blank'>IDMC</a>].</li><li>There is 1 current crisis and severity category listed in the <a href=""https://www.acaps.org/en/thematics/all-topics/inform-severity-index"" target=""_blank"">INFORM Severity Index</a> for Azerbaijan: Nagorno-Karabakh conflict in Azerbaijan (Low), as of 25/09/24.</li></ul>"
pax,Bahrain,161.0,BHR,692.0,48.0,BAH,2.0,All,https://www.peaceagreements.org/tracker/all,https://www.peaceagreements.org/agreements/search/?search_type=basic-search&countries=161&match_any_issues=True&name=&text=&signed_after=&signed_before=,5,1,"<ul><li>The most recent agreement signed in Bahrain was <a href=""https://www.peaceagreements.org/agreements/1412/"" target=""_blank"">His Majesty Delivers a Speech to Citizens Concerning Request to Amend Some Articles of the Constitution, 15 January 2012 (2012-01-15)</a>, as part of the Bahrain: Reform-based peace process.</li><li>There has been a total of 5 agreements in Bahrain, since the first agreement was signed in 2001 (<a href=""https://www.peaceagreements.org/agreements/1437/"" target=""_blank"">National Action Charter of Bahrain (2001-02-15)</a>), in 1 peace process (Bahrain: Reform-based peace process).</li></ul>",,,,,,,,,,,,,,,,,,,,48.0,Bahrain,0.0,770.0,0.0,43.0,0.0,35.0,0.0,790.0,8.0,0.0,-20.0,0.0,22.857142857142858,0.0,-2.5316455696202533,0.0,2025-08-15,82.0,165,Bahrain ranked 82 out of 165 countries in the Global Peace Index (2024).,53.0,181,Bahrain ranked 53 out of 181 countries in the Corruption Perception Index (2024).,,,,, ,<ul><li>Bahrain ranked 82 out of 165 countries in the Global Peace Index (2024).</li><li>Bahrain ranked 53 out of 181 countries in the Corruption Perception Index (2024).</li></ul>
pax,Bangladesh,17.0,BGD,771.0,50.0,BNG,2.0,All,https://www.peaceagreements.org/tracker/all,https://www.peaceagreements.org/agreements/search/?search_type=basic-search&countries=17&match_any_issues=True&name=&text=&signed_after=&signed_before=,1,1,"<ul><li>The most recent agreement signed in Bangladesh was <a href=""https://www.peaceagreements.org/agreements/238/"" target=""_blank"">Agreement between the National Committee on Chittagong Hill Tracts Constituted by the Government and The Parbattya Chattagram Janasanghati Samity (1997-12-02)</a>, as part of the Bangladesh-Chittagong Hills Tracts: peace process.</li><li>There has been a total of 1 agreement in Bangladesh, since the first agreement was signed in 1997 (<a href=""https://www.peaceagreements.org/agreements/238/"" target=""_blank"">Agreement between the National Committee on Chittagong Hill Tracts Constituted by the Government and The Parbattya Chattagram Janasanghati Samity (1997-12-02)</a>), in 1 peace process (Bangladesh-Chittagong Hills Tracts: peace process).</li></ul>",771.0,Bangladesh,340.0,32.0,0.0,0.0,0.0,0.0,15.0,8.0,0.0,0.0,24.0,325.0,0.0,0.0,300.0,2166.666666666667,2025-07-31,50.0,Bangladesh,393.0,3840.0,36.0,294.0,34.0,263.0,1848.0,3313.0,31.0,2.0,527.0,-1455.0,11.787072243346007,5.88235294117647,15.907032900694235,-78.73376623376623,2025-08-15,93.0,165,Bangladesh ranked 93 out of 165 countries in the Global Peace Index (2024).,151.0,181,Bangladesh ranked 151 out of 181 countries in the Corruption Perception Index (2024).,"In the current period of analysis (Apr 2025) by the <a href='https://data.humdata.org/dataset/global-acute-food-insecurity-country-data', target='_blank'>IPC</a>, 16% of the population of Bangladesh are in IPC Phase 3+ (in food crisis), an estimated 15463347 people.","In Bangladesh there has been a total of 584,836 people displaced, with 2,755 new displacements in 2024 [<a href='https://data.humdata.org/dataset/idmc-internal-displacements-new-displacements-idps', target='_blank'>IDMC</a>].","There are 5 current crises and severity categories listed in the <a href=""https://www.acaps.org/en/thematics/all-topics/inform-severity-index"" target=""_blank"">INFORM Severity Index</a> for Bangladesh: 2024 Monsoon Floods in Bangladesh (High), Climatic shocks and political/economic crisis in Bangladesh (High), Cyclone Remal (Medium), Displacement of Rohingyas to Bangladesh (High), Multiple crises in Bangladesh (High), as of 22/07/25.",,"<ul><li>In the current period of analysis (Apr 2025) by the <a href='https://data.humdata.org/dataset/global-acute-food-insecurity-country-data', target='_blank'>IPC</a>, 16% of the population of Bangladesh are in IPC Phase 3+ (in food crisis), an estimated 15463347 people.</li><li>In Bangladesh there has been a total of 584,836 people displaced, with 2,755 new displacements in 2024 [<a href='https://data.humdata.org/dataset/idmc-internal-displacements-new-displacements-idps', target='_blank'>IDMC</a>].</li><li>There are 5 current crises and severity categories listed in the <a href=""https://www.acaps.org/en/thematics/all-topics/inform-severity-index"" target=""_blank"">INFORM Severity Index</a> for Bangladesh: 2024 Monsoon Floods in Bangladesh (High), Climatic shocks and political/economic crisis in Bangladesh (High), Cyclone Remal (Medium), Displacement of Rohingyas to Bangladesh (High), Multiple crises in Bangladesh (High), as of 22/07/25.</li></ul>","<ul><li>Bangladesh ranked 93 out of 165 countries in the Global Peace Index (2024).</li><li>Bangladesh ranked 151 out of 181 countries in the Corruption Perception Index (2024).</li><li>In the current period of analysis (Apr 2025) by the <a href='https://data.humdata.org/dataset/global-acute-food-insecurity-country-data', target='_blank'>IPC</a>, 16% of the population of Bangladesh are in IPC Phase 3+ (in food crisis), an estimated 15463347 people.</li><li>In Bangladesh there has been a total of 584,836 people displaced, with 2,755 new displacements in 2024 [<a href='https://data.humdata.org/dataset/idmc-internal-displacements-new-displacements-idps', target='_blank'>IDMC</a>].</li><li>There are 5 current crises and severity categories listed in the <a href=""https://www.acaps.org/en/thematics/all-topics/inform-severity-index"" target=""_blank"">INFORM Severity Index</a> for Bangladesh: 2024 Monsoon Floods in Bangladesh (High), Climatic shocks and political/economic crisis in Bangladesh (High), Cyclone Remal (Medium), Displacement of Rohingyas to Bangladesh (High), Multiple crises in Bangladesh (High), as of 22/07/25.</li></ul>"
pax,Bosnia and Herzegovina,20.0,BIH,346.0,70.0,BOS,1.0,Bosnia and Herzegovina,https://www.peaceagreements.org/tracker/bosnia-and-herzegovina,https://www.peaceagreements.org/agreements/search/?search_type=basic-search&countries=20&match_any_issues=True&name=&text=&signed_after=&signed_before=,134,2,"<ul><li>The most recent agreement signed in Bosnia and Herzegovina was <a href=""https://www.peaceagreements.org/agreements/2447/"" target=""_blank"">Political agreement on principles for ensuring a functional Bosnia and Herzegovina that advances on the European path (2022-06-12)</a>, as part of the Bosnia peace process.</li><li>There has been a total of 134 agreements in Bosnia and Herzegovina, since the first agreement was signed in 1992 (<a href=""https://www.peaceagreements.org/agreements/547/"" target=""_blank"">Statement of Principles for New Constitutional Arrangements for Bosnia and Herzegovina (Carrington-Cutiliero Plan of March 1992) (1992-03-18)</a>), in 2 peace processes (Bosnia peace process, Bosnia Local peace processes).</li></ul>",,,,,,,,,,,,,,,,,,,,70.0,Bosnia and Herzegovina,14.0,218.0,0.0,15.0,0.0,9.0,0.0,97.0,6.0,0.0,121.0,14.0,66.66666666666666,0.0,124.74226804123711,0.0,2025-08-15,61.0,165,Bosnia and Herzegovina ranked 61 out of 165 countries in the Global Peace Index (2024).,114.0,181,Bosnia and Herzegovina ranked 114 out of 181 countries in the Corruption Perception Index (2024).,,"In Bosnia and Herzegovina, there has been a total of 94,796 people displaced as of end of 2024 [<a href='https://data.humdata.org/dataset/idmc-internal-displacements-new-displacements-idps', target='_blank'>IDMC</a>].",,,"<ul><li>In Bosnia and Herzegovina, there has been a total of 94,796 people displaced as of end of 2024 [<a href='https://data.humdata.org/dataset/idmc-internal-displacements-new-displacements-idps', target='_blank'>IDMC</a>].</li></ul>","<ul><li>Bosnia and Herzegovina ranked 61 out of 165 countries in the Global Peace Index (2024).</li><li>Bosnia and Herzegovina ranked 114 out of 181 countries in the Corruption Perception Index (2024).</li><li>In Bosnia and Herzegovina, there has been a total of 94,796 people displaced as of end of 2024 [<a href='https://data.humdata.org/dataset/idmc-internal-displacements-new-displacements-idps', target='_blank'>IDMC</a>].</li></ul>"
pax,Burundi,22.0,BDI,516.0,108.0,BUI,2.0,All,https://www.peaceagreements.org/tracker/all,https://www.peaceagreements.org/agreements/search/?search_type=basic-search&countries=22&match_any_issues=True&name=&text=&signed_after=&signed_before=,30,5,"<ul><li>The most recent agreement signed in Burundi was <a href=""https://www.peaceagreements.org/agreements/2410/"" target=""_blank"">Final statement on the Memorandum of Understanding on strengthening and maintaining peace and security along the common border between the Republic of Burundi and the Democratic Republic of the Congo (2020-10-05)</a>, as part of the DRC: Eastern DRC processes.</li><li>There has been a total of 30 agreements in Burundi, since the first agreement was signed in 1994 (<a href=""https://www.peaceagreements.org/agreements/1045/"" target=""_blank"">Déclaration des partis politiques agrées et du gouvernement contre les fauteurs de guerre et en faveur de la paix et de la sécurité (1994-07-06)</a>), in 5 peace processes (Burundi: Arusha and related peace process, Burundi: Local Process, Burundi: 2015 onwards process, DRC: Eastern DRC processes, African Great Lakes: Regional Process).</li></ul>",516.0,Burundi,73.0,57.0,4.0,4.0,10.0,6.0,146.0,40.0,-2.0,-6.0,17.0,-73.0,-33.33333333333333,-60.0,42.5,-50.0,2025-07-31,108.0,Burundi,225.0,327.0,3.0,9.0,8.0,15.0,224.0,341.0,-6.0,-5.0,-14.0,1.0,-40.0,-62.5,-4.105571847507331,0.4464285714285714,2025-08-15,129.0,165,Burundi ranked 129 out of 165 countries in the Global Peace Index (2024).,165.0,181,Burundi ranked 165 out of 181 countries in the Corruption Perception Index (2024).,"In the current period of analysis (Oct 2024) by the <a href='https://data.humdata.org/dataset/global-acute-food-insecurity-country-data', target='_blank'>IPC</a>, 15% of the population of Burundi are in IPC Phase 3+ (in food crisis), an estimated 1880764 people. 1% (178740 people) are estimated to be in Phase 4 (emergency).","In Burundi there has been a total of 6,877 people displaced, with 362 new displacements in 2024 [<a href='https://data.humdata.org/dataset/idmc-internal-displacements-new-displacements-idps', target='_blank'>IDMC</a>].","There are 2 current crises and severity categories listed in the <a href=""https://www.acaps.org/en/thematics/all-topics/inform-severity-index"" target=""_blank"">INFORM Severity Index</a> for Burundi: Climatic shocks in Burundi (High), Displacement from Eastern DRC (Low), as of 25/07/25.",,"<ul><li>In the current period of analysis (Oct 2024) by the <a href='https://data.humdata.org/dataset/global-acute-food-insecurity-country-data', target='_blank'>IPC</a>, 15% of the population of Burundi are in IPC Phase 3+ (in food crisis), an estimated 1880764 people. 1% (178740 people) are estimated to be in Phase 4 (emergency).</li><li>In Burundi there has been a total of 6,877 people displaced, with 362 new displacements in 2024 [<a href='https://data.humdata.org/dataset/idmc-internal-displacements-new-displacements-idps', target='_blank'>IDMC</a>].</li><li>There are 2 current crises and severity categories listed in the <a href=""https://www.acaps.org/en/thematics/all-topics/inform-severity-index"" target=""_blank"">INFORM Severity Index</a> for Burundi: Climatic shocks in Burundi (High), Displacement from Eastern DRC (Low), as of 25/07/25.</li></ul>","<ul><li>Burundi ranked 129 out of 165 countries in the Global Peace Index (2024).</li><li>Burundi ranked 165 out of 181 countries in the Corruption Perception Index (2024).</li><li>In the current period of analysis (Oct 2024) by the <a href='https://data.humdata.org/dataset/global-acute-food-insecurity-country-data', target='_blank'>IPC</a>, 15% of the population of Burundi are in IPC Phase 3+ (in food crisis), an estimated 1880764 people. 1% (178740 people) are estimated to be in Phase 4 (emergency).</li><li>In Burundi there has been a total of 6,877 people displaced, with 362 new displacements in 2024 [<a href='https://data.humdata.org/dataset/idmc-internal-displacements-new-displacements-idps', target='_blank'>IDMC</a>].</li><li>There are 2 current crises and severity categories listed in the <a href=""https://www.acaps.org/en/thematics/all-topics/inform-severity-index"" target=""_blank"">INFORM Severity Index</a> for Burundi: Climatic shocks in Burundi (High), Displacement from Eastern DRC (Low), as of 25/07/25.</li></ul>"
pax,Cambodia,23.0,KHM,811.0,116.0,CAM,2.0,All,https://www.peaceagreements.org/tracker/all,https://www.peaceagreements.org/agreements/search/?search_type=basic-search&countries=23&match_any_issues=True&name=&text=&signed_after=&signed_before=,6,1,"<ul><li>The most recent agreement signed in Cambodia was <a href=""https://www.peaceagreements.org/agreements/196/"" target=""_blank"">Accord between the Cambodian People's Party (CPP) and the National United Front for an Independent, Neutral, Peaceful and Cooperative Cambodia (FUNCINPEC) (1991-11-20)</a>, as part of the Cambodian peace process.</li><li>There has been a total of 6 agreements in Cambodia, since the first agreement was signed in 1990 (<a href=""https://www.peaceagreements.org/agreements/1332/"" target=""_blank"">Statement of the Five Permanent Members of the Security Council of the United Nations on Cambodia Incorporating the Framework for a Comprehensive Political Settlement of the Cambodia Conflict (1990-08-28)</a>), in 1 peace process (Cambodian peace process).</li></ul>",811.0,Cambodia (Kampuchea),11.0,6.0,11.0,6.0,0.0,0.0,0.0,0.0,0.0,0.0,0.0,0.0,0.0,0.0,0.0,0.0,2025-07-31,116.0,Cambodia,0.0,38.0,0.0,7.0,0.0,2.0,0.0,84.0,5.0,0.0,-46.0,0.0,250.0,0.0,-54.761904761904766,0.0,2025-08-15,71.0,165,Cambodia ranked 71 out of 165 countries in the Global Peace Index (2024).,158.0,181,Cambodia ranked 158 out of 181 countries in the Corruption Perception Index (2024).,,,,, ,<ul><li>Cambodia ranked 71 out of 165 countries in the Global Peace Index (2024).</li><li>Cambodia ranked 158 out of 181 countries in the Corruption Perception Index (2024).</li></ul>
pax,Cameroon,24.0,CMR,471.0,120.0,CAO,2.0,All,https://www.peaceagreements.org/tracker/all,https://www.peaceagreements.org/agreements/search/?search_type=basic-search&countries=24&match_any_issues=True&name=&text=&signed_after=&signed_before=,2,1,"<ul><li>The most recent agreement signed in Cameroon was <a href=""https://www.peaceagreements.org/agreements/240/"" target=""_blank"">Agreement between the Republic of Cameroon and the Federal Republic of Nigeria concerning the Modalities of Withdrawal and Transfer of Authority in the Bakassi Peninsula (2006-06-12)</a>, as part of the Cameroon-Nigeria border peace process.</li><li>There has been a total of 2 agreements in Cameroon, since the first agreement was signed in 2002 (<a href=""https://www.peaceagreements.org/agreements/1013/"" target=""_blank"">Joint Communiqué Establishing the Cameroon-Nigeria Mixed Commission (CNMC) (2002-11-15)</a>), in 1 peace process (Cameroon-Nigeria border peace process).</li></ul>",471.0,Cameroon,262.0,127.0,17.0,11.0,27.0,11.0,564.0,243.0,0.0,-10.0,-116.0,-302.0,0.0,-37.03703703703704,-47.73662551440329,-53.54609929078015,2025-07-31,120.0,Cameroon,1101.0,2164.0,21.0,65.0,85.0,89.0,2441.0,4242.0,-24.0,-64.0,-2078.0,-1340.0,-26.96629213483146,-75.29411764705883,-48.986327204148985,-54.89553461696026,2025-08-15,137.0,165,Cameroon ranked 137 out of 165 countries in the Global Peace Index (2024).,140.0,181,Cameroon ranked 140 out of 181 countries in the Corruption Perception Index (2024).,"In the current period of analysis (Mar 2025) by the <a href='https://data.humdata.org/dataset/global-acute-food-insecurity-country-data', target='_blank'>IPC</a>, 0% of the population of Cameroon are in IPC Phase 3+ (in food crisis), an estimated 0 people.","In Cameroon there has been a total of 1,029,105 people displaced, with 93,046 new displacements in 2024 [<a href='https://data.humdata.org/dataset/idmc-internal-displacements-new-displacements-idps', target='_blank'>IDMC</a>].","There are 4 current crises and severity categories listed in the <a href=""https://www.acaps.org/en/thematics/all-topics/inform-severity-index"" target=""_blank"">INFORM Severity Index</a> for Cameroon: Anglophone Crisis in Cameroon (High), Conflict in Far North region of Cameroon (High), Displacement from CAR to Cameroon (Medium), Multiple crises in Cameroon (High), as of 29/07/25.",,"<ul><li>In the current period of analysis (Mar 2025) by the <a href='https://data.humdata.org/dataset/global-acute-food-insecurity-country-data', target='_blank'>IPC</a>, 0% of the population of Cameroon are in IPC Phase 3+ (in food crisis), an estimated 0 people.</li><li>In Cameroon there has been a total of 1,029,105 people displaced, with 93,046 new displacements in 2024 [<a href='https://data.humdata.org/dataset/idmc-internal-displacements-new-displacements-idps', target='_blank'>IDMC</a>].</li><li>There are 4 current crises and severity categories listed in the <a href=""https://www.acaps.org/en/thematics/all-topics/inform-severity-index"" target=""_blank"">INFORM Severity Index</a> for Cameroon: Anglophone Crisis in Cameroon (High), Conflict in Far North region of Cameroon (High), Displacement from CAR to Cameroon (Medium), Multiple crises in Cameroon (High), as of 29/07/25.</li></ul>","<ul><li>Cameroon ranked 137 out of 165 countries in the Global Peace Index (2024).</li><li>Cameroon ranked 140 out of 181 countries in the Corruption Perception Index (2024).</li><li>In the current period of analysis (Mar 2025) by the <a href='https://data.humdata.org/dataset/global-acute-food-insecurity-country-data', target='_blank'>IPC</a>, 0% of the population of Cameroon are in IPC Phase 3+ (in food crisis), an estimated 0 people.</li><li>In Cameroon there has been a total of 1,029,105 people displaced, with 93,046 new displacements in 2024 [<a href='https://data.humdata.org/dataset/idmc-internal-displacements-new-displacements-idps', target='_blank'>IDMC</a>].</li><li>There are 4 current crises and severity categories listed in the <a href=""https://www.acaps.org/en/thematics/all-topics/inform-severity-index"" target=""_blank"">INFORM Severity Index</a> for Cameroon: Anglophone Crisis in Cameroon (High), Conflict in Far North region of Cameroon (High), Displacement from CAR to Cameroon (Medium), Multiple crises in Cameroon (High), as of 29/07/25.</li></ul>"
pax,Central African Republic,26.0,CAF,482.0,140.0,CEN,2.0,All,https://www.peaceagreements.org/tracker/all,https://www.peaceagreements.org/agreements/search/?search_type=basic-search&countries=26&match_any_issues=True&name=&text=&signed_after=&signed_before=,68,7,"<ul><li>The most recent agreement signed in Central African Republic was <a href=""https://www.peaceagreements.org/agreements/2470/"" target=""_blank"">Vers le Dialogue Républicain pour la paix et l’avenir de la RCA
Déclaration de Rome (2021-09-29)</a>, as part of the CAR: Local Processes.</li><li>There has been a total of 68 agreements in Central African Republic, since the first agreement was signed in 1997 (<a href=""https://www.peaceagreements.org/agreements/488/"" target=""_blank"">Preliminary Agreement on National Reconciliation Pact (1997-01-18)</a>), in 7 peace processes (CAR: Bangui process, CAR: coups and rebellions process, Darfur-Sudan peace process, CAR: Local Processes, CAR: African Initiative (and related) Process, CAR - Sudan: local cross-border agreements, African Great Lakes: Regional Process).</li></ul>",482.0,Central African Republic,215.0,41.0,11.0,1.0,0.0,0.0,484.0,76.0,0.0,0.0,-35.0,-269.0,0.0,0.0,-46.05263157894737,-55.578512396694215,2025-07-31,140.0,Central African Republic,755.0,702.0,38.0,62.0,49.0,67.0,743.0,500.0,-5.0,-11.0,202.0,12.0,-7.462686567164178,-22.448979591836736,40.400000000000006,1.6150740242261103,2025-08-15,150.0,165,Central African Republic ranked 150 out of 165 countries in the Global Peace Index (2024).,149.0,181,Central African Republic ranked 149 out of 181 countries in the Corruption Perception Index (2024).,"In the current period of analysis (May 2025) by the <a href='https://data.humdata.org/dataset/global-acute-food-insecurity-country-data', target='_blank'>IPC</a>, 34% of the population of Central African Republic are in IPC Phase 3+ (in food crisis), an estimated 2224554 people. 7% (480660 people) are estimated to be in Phase 4 (emergency).","In Central African Republic there has been a total of 469,342 people displaced, with 93,820 new displacements in 2024 [<a href='https://data.humdata.org/dataset/idmc-internal-displacements-new-displacements-idps', target='_blank'>IDMC</a>].","There is 1 current crisis and severity category listed in the <a href=""https://www.acaps.org/en/thematics/all-topics/inform-severity-index"" target=""_blank"">INFORM Severity Index</a> for CAR: Conflict and Climatic Shocks in CAR (High), as of 29/07/25.",,"<ul><li>In the current period of analysis (May 2025) by the <a href='https://data.humdata.org/dataset/global-acute-food-insecurity-country-data', target='_blank'>IPC</a>, 34% of the population of Central African Republic are in IPC Phase 3+ (in food crisis), an estimated 2224554 people. 7% (480660 people) are estimated to be in Phase 4 (emergency).</li><li>In Central African Republic there has been a total of 469,342 people displaced, with 93,820 new displacements in 2024 [<a href='https://data.humdata.org/dataset/idmc-internal-displacements-new-displacements-idps', target='_blank'>IDMC</a>].</li><li>There is 1 current crisis and severity category listed in the <a href=""https://www.acaps.org/en/thematics/all-topics/inform-severity-index"" target=""_blank"">INFORM Severity Index</a> for CAR: Conflict and Climatic Shocks in CAR (High), as of 29/07/25.</li></ul>","<ul><li>Central African Republic ranked 150 out of 165 countries in the Global Peace Index (2024).</li><li>Central African Republic ranked 149 out of 181 countries in the Corruption Perception Index (2024).</li><li>In the current period of analysis (May 2025) by the <a href='https://data.humdata.org/dataset/global-acute-food-insecurity-country-data', target='_blank'>IPC</a>, 34% of the population of Central African Republic are in IPC Phase 3+ (in food crisis), an estimated 2224554 people. 7% (480660 people) are estimated to be in Phase 4 (emergency).</li><li>In Central African Republic there has been a total of 469,342 people displaced, with 93,820 new displacements in 2024 [<a href='https://data.humdata.org/dataset/idmc-internal-displacements-new-displacements-idps', target='_blank'>IDMC</a>].</li><li>There is 1 current crisis and severity category listed in the <a href=""https://www.acaps.org/en/thematics/all-topics/inform-severity-index"" target=""_blank"">INFORM Severity Index</a> for CAR: Conflict and Climatic Shocks in CAR (High), as of 29/07/25.</li></ul>"
pax,Chad,27.0,TCD,483.0,148.0,CHA,2.0,All,https://www.peaceagreements.org/tracker/all,https://www.peaceagreements.org/agreements/search/?search_type=basic-search&countries=27&match_any_issues=True&name=&text=&signed_after=&signed_before=,15,6,"<ul><li>The most recent agreement signed in Chad was <a href=""https://www.peaceagreements.org/agreements/2449/"" target=""_blank"">Doha Agreement for Peace and Involvement of Political-Military Movements in the Sovereign and Inclusive National Dialogue in Chad (2022-08-08)</a>, as part of the Chad: Doha process.</li><li>There has been a total of 15 agreements in Chad, since the first agreement was signed in 1994 (<a href=""https://www.peaceagreements.org/agreements/237/"" target=""_blank"">Agreement between the Great Socialist People's Libyan Arab Jamahariya and the Rep of Chad concerning the practical modalitities for the implementation of the Judgment delivered by the International Court of Justice on 3 February 1994 (1994-04-04)</a>), in 6 peace processes (Chad-Libya border peace process, Chad: 'third war' process, Chad-Sudan Agreements, Chad: Fourth War Process, Chad: Doha process, Darfur-Sudan peace process).</li></ul>",483.0,Chad,199.0,14.0,0.0,0.0,0.0,0.0,114.0,13.0,0.0,0.0,1.0,85.0,0.0,0.0,7.6923076923076925,74.56140350877193,2025-07-31,148.0,Chad,422.0,163.0,6.0,6.0,65.0,36.0,338.0,121.0,-30.0,-59.0,42.0,84.0,-83.33333333333334,-90.76923076923077,34.710743801652896,24.85207100591716,2025-08-15,135.0,165,Chad ranked 135 out of 165 countries in the Global Peace Index (2024).,158.0,181,Chad ranked 158 out of 181 countries in the Corruption Perception Index (2024).,"In the current period of analysis (Mar 2025) by the <a href='https://data.humdata.org/dataset/global-acute-food-insecurity-country-data', target='_blank'>IPC</a>, 13% of the population of Chad are in IPC Phase 3+ (in food crisis), an estimated 2337773 people. 1% (151432 people) are estimated to be in Phase 4 (emergency).","In Chad there has been a total of 382,920 people displaced, with 63,306 new displacements in 2024 [<a href='https://data.humdata.org/dataset/idmc-internal-displacements-new-displacements-idps', target='_blank'>IDMC</a>].","There are 4 current crises and severity categories listed in the <a href=""https://www.acaps.org/en/thematics/all-topics/inform-severity-index"" target=""_blank"">INFORM Severity Index</a> for Chad: Complex crisis in Chad (High), Conflict in Lac province (High), Displacement from CAR to Chad (Medium), Displacement from Sudan to Chad (High), as of 29/07/25.",,"<ul><li>In the current period of analysis (Mar 2025) by the <a href='https://data.humdata.org/dataset/global-acute-food-insecurity-country-data', target='_blank'>IPC</a>, 13% of the population of Chad are in IPC Phase 3+ (in food crisis), an estimated 2337773 people. 1% (151432 people) are estimated to be in Phase 4 (emergency).</li><li>In Chad there has been a total of 382,920 people displaced, with 63,306 new displacements in 2024 [<a href='https://data.humdata.org/dataset/idmc-internal-displacements-new-displacements-idps', target='_blank'>IDMC</a>].</li><li>There are 4 current crises and severity categories listed in the <a href=""https://www.acaps.org/en/thematics/all-topics/inform-severity-index"" target=""_blank"">INFORM Severity Index</a> for Chad: Complex crisis in Chad (High), Conflict in Lac province (High), Displacement from CAR to Chad (Medium), Displacement from Sudan to Chad (High), as of 29/07/25.</li></ul>","<ul><li>Chad ranked 135 out of 165 countries in the Global Peace Index (2024).</li><li>Chad ranked 158 out of 181 countries in the Corruption Perception Index (2024).</li><li>In the current period of analysis (Mar 2025) by the <a href='https://data.humdata.org/dataset/global-acute-food-insecurity-country-data', target='_blank'>IPC</a>, 13% of the population of Chad are in IPC Phase 3+ (in food crisis), an estimated 2337773 people. 1% (151432 people) are estimated to be in Phase 4 (emergency).</li><li>In Chad there has been a total of 382,920 people displaced, with 63,306 new displacements in 2024 [<a href='https://data.humdata.org/dataset/idmc-internal-displacements-new-displacements-idps', target='_blank'>IDMC</a>].</li><li>There are 4 current crises and severity categories listed in the <a href=""https://www.acaps.org/en/thematics/all-topics/inform-severity-index"" target=""_blank"">INFORM Severity Index</a> for Chad: Complex crisis in Chad (High), Conflict in Lac province (High), Displacement from CAR to Chad (Medium), Displacement from Sudan to Chad (High), as of 29/07/25.</li></ul>"
pax,China,30.0,CHN,710.0,156.0,CHN,2.0,All,https://www.peaceagreements.org/tracker/all,https://www.peaceagreements.org/agreements/search/?search_type=basic-search&countries=30&match_any_issues=True&name=&text=&signed_after=&signed_before=,17,4,"<ul><li>The most recent agreement signed in China was <a href=""https://www.peaceagreements.org/agreements/2361/"" target=""_blank"">Joint Press Statement (2020-09-10)</a>, as part of the China-India border dispute peace process.</li><li>There has been a total of 17 agreements in China, since the first agreement was signed in 1991 (<a href=""https://www.peaceagreements.org/agreements/1740/"" target=""_blank"">Agreement on the Eastern Section of the Boundary between the Union of Soviet Socialist Republics and the People's Republic of China (1991 Sino-Soviet Border Agreement) (1991-05-16)</a>), in 4 peace processes (China-Russia border dispute peace process, China-India border dispute peace process, Russia-China-Central Asian borders interstate process, North Korea - South Korea interstate process).</li></ul>",,,,,,,,,,,,,,,,,,,,156.0,China,5.0,1256.0,0.0,69.0,1.0,67.0,10.0,904.0,2.0,-1.0,352.0,-5.0,2.9850746268656714,-100.0,38.93805309734513,-50.0,2025-08-15,89.0,165,China ranked 89 out of 165 countries in the Global Peace Index (2024).,76.0,181,China ranked 76 out of 181 countries in the Corruption Perception Index (2024).,,,,, ,<ul><li>China ranked 89 out of 165 countries in the Global Peace Index (2024).</li><li>China ranked 76 out of 181 countries in the Corruption Perception Index (2024).</li></ul>
pax,Colombia,32.0,COL,100.0,170.0,COL,1.0,Colombia,https://www.peaceagreements.org/tracker/colombia,https://www.peaceagreements.org/agreements/search/?search_type=basic-search&countries=32&match_any_issues=True&name=&text=&signed_after=&signed_before=,184,8,"<ul><li>The most recent agreement signed in Colombia was <a href=""https://www.peaceagreements.org/agreements/2666/"" target=""_blank"">Ciclo VI Comunicado Conjunto (2024-10-18)</a>, as part of the Colombia VII - Petro Peace Dialogues with FARC-EP.</li><li>There has been a total of 184 agreements in Colombia, since the first agreement was signed in 1990 (<a href=""https://www.peaceagreements.org/agreements/168/"" target=""_blank"">Political Agreement between the National Government, the Political Parties, M-19 and the Catholic Church as Moral and Spiritual Guardian of the ProcessSpanish: Acuerdo Político entre el Gobierno Nacional, los Partidos Políticos, el M-19, y la Iglesia Católica en Calidad de Tutora Moral y Espiritual del Proceso (1990-03-09)</a>), in 8 peace processes (Colombia I - Gaviria, Colombia II - Samper, Colombia III - Arango, Colombia IV - Uribe, Colombia V - Santos, Colombia VI - Government-ELN post-2015 process, Colombia VII - Petro Peace Dialogues with ELN, Colombia VII - Petro Peace Dialogues with FARC-EP).</li></ul>",100.0,Colombia,434.0,245.0,37.0,30.0,29.0,17.0,335.0,186.0,13.0,8.0,59.0,99.0,76.47058823529412,27.586206896551722,31.72043010752688,29.55223880597015,2025-07-31,170.0,Colombia,2176.0,5454.0,186.0,472.0,150.0,431.0,1735.0,4463.0,41.0,36.0,991.0,441.0,9.51276102088167,24.0,22.204794980954514,25.417867435158502,2025-08-15,146.0,165,Colombia ranked 146 out of 165 countries in the Global Peace Index (2024).,92.0,181,Colombia ranked 92 out of 181 countries in the Corruption Perception Index (2024).,,"In Colombia there has been a total of 7,264,767 people displaced, with 387,952 new displacements in 2024 [<a href='https://data.humdata.org/dataset/idmc-internal-displacements-new-displacements-idps', target='_blank'>IDMC</a>].","There are 2 current crises and severity categories listed in the <a href=""https://www.acaps.org/en/thematics/all-topics/inform-severity-index"" target=""_blank"">INFORM Severity Index</a> for Colombia: Conflict and Climatic Shocks in Colombia (High), Displacement from Venezuela to Colombia (High), as of 28/07/25.",,"<ul><li>In Colombia there has been a total of 7,264,767 people displaced, with 387,952 new displacements in 2024 [<a href='https://data.humdata.org/dataset/idmc-internal-displacements-new-displacements-idps', target='_blank'>IDMC</a>].</li><li>There are 2 current crises and severity categories listed in the <a href=""https://www.acaps.org/en/thematics/all-topics/inform-severity-index"" target=""_blank"">INFORM Severity Index</a> for Colombia: Conflict and Climatic Shocks in Colombia (High), Displacement from Venezuela to Colombia (High), as of 28/07/25.</li></ul>","<ul><li>Colombia ranked 146 out of 165 countries in the Global Peace Index (2024).</li><li>Colombia ranked 92 out of 181 countries in the Corruption Perception Index (2024).</li><li>In Colombia there has been a total of 7,264,767 people displaced, with 387,952 new displacements in 2024 [<a href='https://data.humdata.org/dataset/idmc-internal-displacements-new-displacements-idps', target='_blank'>IDMC</a>].</li><li>There are 2 current crises and severity categories listed in the <a href=""https://www.acaps.org/en/thematics/all-topics/inform-severity-index"" target=""_blank"">INFORM Severity Index</a> for Colombia: Conflict and Climatic Shocks in Colombia (High), Displacement from Venezuela to Colombia (High), as of 28/07/25.</li></ul>"
pax,Comoros,33.0,COM,581.0,174.0,COM,2.0,All,https://www.peaceagreements.org/tracker/all,https://www.peaceagreements.org/agreements/search/?search_type=basic-search&countries=33&match_any_issues=True&name=&text=&signed_after=&signed_before=,8,1,"<ul><li>The most recent agreement signed in Comoros was <a href=""https://www.peaceagreements.org/agreements/801/"" target=""_blank"">Accord pour la gestion de la période intérimaire (2010-06-16)</a>, as part of the Comoros-Anjouan islands peace process.</li><li>There has been a total of 8 agreements in Comoros, since the first agreement was signed in 1997 (<a href=""https://www.peaceagreements.org/agreements/1035/"" target=""_blank"">Addis Ababa Agreement (1997-12-13)</a>), in 1 peace process (Comoros-Anjouan islands peace process).</li></ul>",,,,,,,,,,,,,,,,,,,,174.0,Comoros,1.0,36.0,0.0,3.0,0.0,1.0,2.0,64.0,2.0,0.0,-28.0,-1.0,200.0,0.0,-43.75,-50.0,2025-08-15,,165,,158.0,181,Comoros ranked 158 out of 181 countries in the Corruption Perception Index (2024).,,"In Comoros there has been a total of 11 people displaced, with 11 new displacements in 2024 [<a href='https://data.humdata.org/dataset/idmc-internal-displacements-new-displacements-idps', target='_blank'>IDMC</a>].",,,"<ul><li>In Comoros there has been a total of 11 people displaced, with 11 new displacements in 2024 [<a href='https://data.humdata.org/dataset/idmc-internal-displacements-new-displacements-idps', target='_blank'>IDMC</a>].</li></ul>","<ul><li>Comoros ranked 158 out of 181 countries in the Corruption Perception Index (2024).</li><li>In Comoros there has been a total of 11 people displaced, with 11 new displacements in 2024 [<a href='https://data.humdata.org/dataset/idmc-internal-displacements-new-displacements-idps', target='_blank'>IDMC</a>].</li></ul>"
pax,Costa Rica,36.0,CRI,94.0,188.0,COS,2.0,All,https://www.peaceagreements.org/tracker/all,https://www.peaceagreements.org/agreements/search/?search_type=basic-search&countries=36&match_any_issues=True&name=&text=&signed_after=&signed_before=,1,1,"<ul><li>The most recent agreement signed in Costa Rica was <a href=""https://www.peaceagreements.org/agreements/887/"" target=""_blank"">Montelimar Declaration (1990-04-03)</a>, as part of the Nicaragua contra process.</li><li>There has been a total of 1 agreement in Costa Rica, since the first agreement was signed in 1990 (<a href=""https://www.peaceagreements.org/agreements/887/"" target=""_blank"">Montelimar Declaration (1990-04-03)</a>), in 1 peace process (Nicaragua contra process).</li></ul>",,,,,,,,,,,,,,,,,,,,188.0,Costa Rica,12.0,176.0,0.0,9.0,1.0,9.0,8.0,234.0,0.0,-1.0,-58.0,4.0,0.0,-100.0,-24.786324786324787,50.0,2025-08-15,58.0,165,Costa Rica ranked 58 out of 165 countries in the Global Peace Index (2024).,42.0,181,Costa Rica ranked 42 out of 181 countries in the Corruption Perception Index (2024).,,,"There is 1 current crisis and severity category listed in the <a href=""https://www.acaps.org/en/thematics/all-topics/inform-severity-index"" target=""_blank"">INFORM Severity Index</a> for Costa Rica: Displacement from Nicaragua to Costa Rica (Medium), as of 28/07/25.",,"<ul><li>There is 1 current crisis and severity category listed in the <a href=""https://www.acaps.org/en/thematics/all-topics/inform-severity-index"" target=""_blank"">INFORM Severity Index</a> for Costa Rica: Displacement from Nicaragua to Costa Rica (Medium), as of 28/07/25.</li></ul>","<ul><li>Costa Rica ranked 58 out of 165 countries in the Global Peace Index (2024).</li><li>Costa Rica ranked 42 out of 181 countries in the Corruption Perception Index (2024).</li><li>There is 1 current crisis and severity category listed in the <a href=""https://www.acaps.org/en/thematics/all-topics/inform-severity-index"" target=""_blank"">INFORM Severity Index</a> for Costa Rica: Displacement from Nicaragua to Costa Rica (Medium), as of 28/07/25.</li></ul>"
pax,Cote d'Ivoire,37.0,CIV,437.0,384.0,CDI,2.0,All,https://www.peaceagreements.org/tracker/all,https://www.peaceagreements.org/agreements/search/?search_type=basic-search&countries=37&match_any_issues=True&name=&text=&signed_after=&signed_before=,19,1,"<ul><li>The most recent agreement signed in Cote d'Ivoire was <a href=""https://www.peaceagreements.org/agreements/720/"" target=""_blank"">Fourth supplementary agreement to the Ouagadougou Political Agreement (2008-12-22)</a>, as part of the Cote D'Ivoire: peace process.</li><li>There has been a total of 19 agreements in Cote d'Ivoire, since the first agreement was signed in 2002 (<a href=""https://www.peaceagreements.org/agreements/540/"" target=""_blank"">Sommet Extraordinaire des Chefs d'Etat de Governement sur la Situation en Côte d'Ivoire, Communiqué Final (Accra I) (2002-09-29)</a>), in 1 peace process (Cote D'Ivoire: peace process).</li></ul>",,,,,,,,,,,,,,,,,,,,384.0,Ivory Coast,28.0,241.0,1.0,9.0,6.0,19.0,17.0,135.0,-10.0,-5.0,106.0,11.0,-52.63157894736842,-83.33333333333334,78.51851851851852,64.70588235294117,2025-08-15,109.0,165,Cote d' Ivoire ranked 109 out of 165 countries in the Global Peace Index (2024).,69.0,181,Cote d'Ivoire ranked 69 out of 181 countries in the Corruption Perception Index (2024).,"In the current period of analysis (Mar 2025) by the <a href='https://data.humdata.org/dataset/global-acute-food-insecurity-country-data', target='_blank'>IPC</a>, 5% of the population of Côte d'Ivoire (Ivory Coast) are in IPC Phase 3+ (in food crisis), an estimated 1240416 people. 0% (53708 people) are estimated to be in Phase 4 (emergency).","In Côte d'Ivoire (Ivory Coast), there were no reported displacements in 2023 [<a href='https://data.humdata.org/dataset/idmc-internal-displacements-new-displacements-idps', target='_blank'>IDMC</a>].","There is 1 current crisis and severity category listed in the <a href=""https://www.acaps.org/en/thematics/all-topics/inform-severity-index"" target=""_blank"">INFORM Severity Index</a> for Côte d'Ivoire: Displacement from Burkina Faso to northern Côte d’Ivoire (Medium), as of 29/07/25.",,"<ul><li>In the current period of analysis (Mar 2025) by the <a href='https://data.humdata.org/dataset/global-acute-food-insecurity-country-data', target='_blank'>IPC</a>, 5% of the population of Côte d'Ivoire (Ivory Coast) are in IPC Phase 3+ (in food crisis), an estimated 1240416 people. 0% (53708 people) are estimated to be in Phase 4 (emergency).</li><li>In Côte d'Ivoire (Ivory Coast), there were no reported displacements in 2023 [<a href='https://data.humdata.org/dataset/idmc-internal-displacements-new-displacements-idps', target='_blank'>IDMC</a>].</li><li>There is 1 current crisis and severity category listed in the <a href=""https://www.acaps.org/en/thematics/all-topics/inform-severity-index"" target=""_blank"">INFORM Severity Index</a> for Côte d'Ivoire: Displacement from Burkina Faso to northern Côte d’Ivoire (Medium), as of 29/07/25.</li></ul>","<ul><li>Cote d' Ivoire ranked 109 out of 165 countries in the Global Peace Index (2024).</li><li>Cote d'Ivoire ranked 69 out of 181 countries in the Corruption Perception Index (2024).</li><li>In the current period of analysis (Mar 2025) by the <a href='https://data.humdata.org/dataset/global-acute-food-insecurity-country-data', target='_blank'>IPC</a>, 5% of the population of Côte d'Ivoire (Ivory Coast) are in IPC Phase 3+ (in food crisis), an estimated 1240416 people. 0% (53708 people) are estimated to be in Phase 4 (emergency).</li><li>In Côte d'Ivoire (Ivory Coast), there were no reported displacements in 2023 [<a href='https://data.humdata.org/dataset/idmc-internal-displacements-new-displacements-idps', target='_blank'>IDMC</a>].</li><li>There is 1 current crisis and severity category listed in the <a href=""https://www.acaps.org/en/thematics/all-topics/inform-severity-index"" target=""_blank"">INFORM Severity Index</a> for Côte d'Ivoire: Displacement from Burkina Faso to northern Côte d’Ivoire (Medium), as of 29/07/25.</li></ul>"
pax,Croatia,38.0,HRV,344.0,191.0,CRO,2.0,All,https://www.peaceagreements.org/tracker/all,https://www.peaceagreements.org/agreements/search/?search_type=basic-search&countries=38&match_any_issues=True&name=&text=&signed_after=&signed_before=,46,3,"<ul><li>The most recent agreement signed in Croatia was <a href=""https://www.peaceagreements.org/agreements/1220/"" target=""_blank"">Programme of the Government of the Republic of Croatia for the Establishment of Trust, Accelerated Return, and Normalization of Living Conditions in the War-affected Regions of the Republic of Croatia (1997-10-03)</a>, as part of the Dissolution of Yugoslavia.</li><li>There has been a total of 46 agreements in Croatia, since the first agreement was signed in 1991 (<a href=""https://www.peaceagreements.org/agreements/422/"" target=""_blank"">Joint Declaration of the EC Troika and the Parties directly concerned with the Yugoslav Crisis (Brioni Agreement) (1991-07-07)</a>), in 3 peace processes (Croatia negotiation process, Dissolution of Yugoslavia, Bosnia peace process).</li></ul>",,,,,,,,,,,,,,,,,,,,191.0,Croatia,5.0,217.0,0.0,12.0,0.0,3.0,10.0,134.0,9.0,0.0,83.0,-5.0,300.0,0.0,61.940298507462686,-50.0,2025-08-15,15.0,165,Croatia ranked 15 out of 165 countries in the Global Peace Index (2024).,63.0,181,Croatia ranked 63 out of 181 countries in the Corruption Perception Index (2024).,,,,, ,<ul><li>Croatia ranked 15 out of 165 countries in the Global Peace Index (2024).</li><li>Croatia ranked 63 out of 181 countries in the Corruption Perception Index (2024).</li></ul>
pax,Democratic Republic of Congo,42.0,COD,490.0,180.0,DRC,1.0,Democratic Republic of Congo,https://www.peaceagreements.org/tracker/democratic-republic-of-congo,https://www.peaceagreements.org/agreements/search/?search_type=basic-search&countries=42&match_any_issues=True&name=&text=&signed_after=&signed_before=,56,6,"<ul><li>The most recent agreement signed in Democratic Republic of Congo was <a href=""https://www.peaceagreements.org/agreements/2733/"" target=""_blank"">5e Réunion Ministérielle Sur La Situation De La Sécurité Et De La Paix À L'est De La République Démocratique Du Congo (2024-10-12)</a>, as part of the DRC: Angola-led process for Eastern DRC.</li><li>There has been a total of 56 agreements in Democratic Republic of Congo, since the first agreement was signed in 1999 (<a href=""https://www.peaceagreements.org/agreements/1043/"" target=""_blank"">Sirte Peace Agreement (1999-04-18)</a>), in 6 peace processes (DRC: Second Congo war process, DRC: Eastern DRC processes, DRC: local agreements (East), DRC: EAC-led Nairobi process for Eastern DRC, DRC: Angola-led process for Eastern DRC, African Great Lakes: Regional Process).</li></ul>",490.0,DR Congo (Zaire),12722.0,632.0,521.0,39.0,201.0,33.0,3202.0,537.0,6.0,320.0,95.0,9520.0,18.181818181818183,159.2039800995025,17.690875232774676,297.31417863835105,2025-07-31,180.0,Democratic Republic of Congo,6005.0,3585.0,499.0,320.0,594.0,340.0,5109.0,3133.0,-20.0,-95.0,452.0,896.0,-5.88235294117647,-15.993265993265993,14.427066709224384,17.537678606380897,2025-08-15,158.0,165,Democratic Republic of the Congo ranked 158 out of 165 countries in the Global Peace Index (2024).,163.0,181,Democratic Republic of the Congo ranked 163 out of 181 countries in the Corruption Perception Index (2024).,"In the current period of analysis (Sep 2024) by the <a href='https://data.humdata.org/dataset/global-acute-food-insecurity-country-data', target='_blank'>IPC</a>, 22% of the population of Congo, Democratic Republic of the are in IPC Phase 3+ (in food crisis), an estimated 25552751 people. 3% (3115990 people) are estimated to be in Phase 4 (emergency).","In Congo, Democratic Republic of the there has been a total of 6,214,822 people displaced, with 5,333,075 new displacements in 2024 [<a href='https://data.humdata.org/dataset/idmc-internal-displacements-new-displacements-idps', target='_blank'>IDMC</a>].","There is 1 current crisis and severity category listed in the <a href=""https://www.acaps.org/en/thematics/all-topics/inform-severity-index"" target=""_blank"">INFORM Severity Index</a> for DRC: Complex crisis in DRC (Very High), as of 29/07/25.","Democratic Republic of Congo is one of 12 focus countries in the UK's WPS <a href='https://assets.publishing.service.gov.uk/government/uploads/system/uploads/attachment_data/file/1156085/uk-women-peace-security-national-action-plan-2023-2027.pdf', target='_blank'>National Action Plan</a> for 2023-2027. ","<ul><li>In the current period of analysis (Sep 2024) by the <a href='https://data.humdata.org/dataset/global-acute-food-insecurity-country-data', target='_blank'>IPC</a>, 22% of the population of Congo, Democratic Republic of the are in IPC Phase 3+ (in food crisis), an estimated 25552751 people. 3% (3115990 people) are estimated to be in Phase 4 (emergency).</li><li>In Congo, Democratic Republic of the there has been a total of 6,214,822 people displaced, with 5,333,075 new displacements in 2024 [<a href='https://data.humdata.org/dataset/idmc-internal-displacements-new-displacements-idps', target='_blank'>IDMC</a>].</li><li>There is 1 current crisis and severity category listed in the <a href=""https://www.acaps.org/en/thematics/all-topics/inform-severity-index"" target=""_blank"">INFORM Severity Index</a> for DRC: Complex crisis in DRC (Very High), as of 29/07/25.</li><li>Democratic Republic of Congo is one of 12 focus countries in the UK's WPS <a href='https://assets.publishing.service.gov.uk/government/uploads/system/uploads/attachment_data/file/1156085/uk-women-peace-security-national-action-plan-2023-2027.pdf', target='_blank'>National Action Plan</a> for 2023-2027.</li></ul>","<ul><li>Democratic Republic of the Congo ranked 158 out of 165 countries in the Global Peace Index (2024).</li><li>Democratic Republic of the Congo ranked 163 out of 181 countries in the Corruption Perception Index (2024).</li><li>In the current period of analysis (Sep 2024) by the <a href='https://data.humdata.org/dataset/global-acute-food-insecurity-country-data', target='_blank'>IPC</a>, 22% of the population of Congo, Democratic Republic of the are in IPC Phase 3+ (in food crisis), an estimated 25552751 people. 3% (3115990 people) are estimated to be in Phase 4 (emergency).</li><li>In Congo, Democratic Republic of the there has been a total of 6,214,822 people displaced, with 5,333,075 new displacements in 2024 [<a href='https://data.humdata.org/dataset/idmc-internal-displacements-new-displacements-idps', target='_blank'>IDMC</a>].</li><li>There is 1 current crisis and severity category listed in the <a href=""https://www.acaps.org/en/thematics/all-topics/inform-severity-index"" target=""_blank"">INFORM Severity Index</a> for DRC: Complex crisis in DRC (Very High), as of 29/07/25.</li><li>Democratic Republic of Congo is one of 12 focus countries in the UK's WPS <a href='https://assets.publishing.service.gov.uk/government/uploads/system/uploads/attachment_data/file/1156085/uk-women-peace-security-national-action-plan-2023-2027.pdf', target='_blank'>National Action Plan</a> for 2023-2027.</li></ul>"
pax,Djibouti,43.0,DJI,522.0,262.0,DJI,2.0,All,https://www.peaceagreements.org/tracker/all,https://www.peaceagreements.org/agreements/search/?search_type=basic-search&countries=43&match_any_issues=True&name=&text=&signed_after=&signed_before=,4,2,"<ul><li>The most recent agreement signed in Djibouti was <a href=""https://www.peaceagreements.org/agreements/721/"" target=""_blank"">Agreement between the State of Eritrea and the Republic of Djibouti (concerning peaceful settlement of the border dispute) (2010-06-06)</a>, as part of the Djibouti-Eritrea border dispute peace process.</li><li>There has been a total of 4 agreements in Djibouti, since the first agreement was signed in 1994 (<a href=""https://www.peaceagreements.org/agreements/245/"" target=""_blank"">Accord de Paix et de reconciliation nationale (1994-12-26)</a>), in 2 peace processes (Djibouti: FRUD process, Djibouti-Eritrea border dispute peace process).</li></ul>",,,,,,,,,,,,,,,,,,,,262.0,Djibouti,54.0,5.0,0.0,0.0,0.0,0.0,1.0,3.0,0.0,0.0,2.0,53.0,0.0,0.0,66.66666666666666,5300.0,2025-08-15,119.0,165,Djibouti ranked 119 out of 165 countries in the Global Peace Index (2024).,127.0,181,Djibouti ranked 127 out of 181 countries in the Corruption Perception Index (2024).,"In the current period of analysis (May 2025) by the <a href='https://data.humdata.org/dataset/global-acute-food-insecurity-country-data', target='_blank'>IPC</a>, 17% of the population of Djibouti are in IPC Phase 3+ (in food crisis), an estimated 193872 people. 4% (43585 people) are estimated to be in Phase 4 (emergency).",,"There are 3 current crises and severity categories listed in the <a href=""https://www.acaps.org/en/thematics/all-topics/inform-severity-index"" target=""_blank"">INFORM Severity Index</a> for Djibouti: Drought in Djibouti (Medium), International Displacement to Djibouti (Low), Multiple crises in Djibouti (Medium), as of 28/07/25.",,"<ul><li>In the current period of analysis (May 2025) by the <a href='https://data.humdata.org/dataset/global-acute-food-insecurity-country-data', target='_blank'>IPC</a>, 17% of the population of Djibouti are in IPC Phase 3+ (in food crisis), an estimated 193872 people. 4% (43585 people) are estimated to be in Phase 4 (emergency).</li><li>There are 3 current crises and severity categories listed in the <a href=""https://www.acaps.org/en/thematics/all-topics/inform-severity-index"" target=""_blank"">INFORM Severity Index</a> for Djibouti: Drought in Djibouti (Medium), International Displacement to Djibouti (Low), Multiple crises in Djibouti (Medium), as of 28/07/25.</li></ul>","<ul><li>Djibouti ranked 119 out of 165 countries in the Global Peace Index (2024).</li><li>Djibouti ranked 127 out of 181 countries in the Corruption Perception Index (2024).</li><li>In the current period of analysis (May 2025) by the <a href='https://data.humdata.org/dataset/global-acute-food-insecurity-country-data', target='_blank'>IPC</a>, 17% of the population of Djibouti are in IPC Phase 3+ (in food crisis), an estimated 193872 people. 4% (43585 people) are estimated to be in Phase 4 (emergency).</li><li>There are 3 current crises and severity categories listed in the <a href=""https://www.acaps.org/en/thematics/all-topics/inform-severity-index"" target=""_blank"">INFORM Severity Index</a> for Djibouti: Drought in Djibouti (Medium), International Displacement to Djibouti (Low), Multiple crises in Djibouti (Medium), as of 28/07/25.</li></ul>"
pax,Ecuador,46.0,ECU,130.0,218.0,ECU,2.0,All,https://www.peaceagreements.org/tracker/all,https://www.peaceagreements.org/agreements/search/?search_type=basic-search&countries=46&match_any_issues=True&name=&text=&signed_after=&signed_before=,14,1,"<ul><li>The most recent agreement signed in Ecuador was <a href=""https://www.peaceagreements.org/agreements/141/"" target=""_blank"">Acuerdo de Bases respecto de la rehabilitación o reconstrucción de la bocatoma y obras conexas del Canal de Zarumilla Grupo de Trabajo sobre el Canal de Zarumilla (1998-10-26)</a>, as part of the Ecuador-Peru border dispute peace process.</li><li>There has been a total of 14 agreements in Ecuador, since the first agreement was signed in 1995 (<a href=""https://www.peaceagreements.org/agreements/352/"" target=""_blank"">Declaracion de Itamaraty (1995-02-17)</a>), in 1 peace process (Ecuador-Peru border dispute peace process).</li></ul>",130.0,Ecuador,293.0,187.0,39.0,6.0,0.0,0.0,90.0,53.0,0.0,0.0,134.0,203.0,0.0,0.0,252.83018867924528,225.55555555555554,2025-07-31,218.0,Ecuador,3730.0,3685.0,354.0,288.0,269.0,279.0,2723.0,3463.0,9.0,85.0,222.0,1007.0,3.225806451612903,31.59851301115242,6.410626624314178,36.981270657363204,2025-08-15,130.0,165,Ecuador ranked 130 out of 165 countries in the Global Peace Index (2024).,121.0,181,Ecuador ranked 121 out of 181 countries in the Corruption Perception Index (2024).,"In the current period of analysis (Aug 2024) by the <a href='https://data.humdata.org/dataset/global-acute-food-insecurity-country-data', target='_blank'>IPC</a>, 14% of the population of Ecuador are in IPC Phase 3+ (in food crisis), an estimated 2579266 people. 1% (196779 people) are estimated to be in Phase 4 (emergency).","In Ecuador there has been a total of 48,593 people displaced, with 100,719 new displacements in 2024 [<a href='https://data.humdata.org/dataset/idmc-internal-displacements-new-displacements-idps', target='_blank'>IDMC</a>].","There are 4 current crises and severity categories listed in the <a href=""https://www.acaps.org/en/thematics/all-topics/inform-severity-index"" target=""_blank"">INFORM Severity Index</a> for Ecuador: Conflict and Violence in Ecuador (High), Displacement from Venezuela to Ecuador (Medium), Floods in Ecuador (Low), Multiple crises in Ecuador (High), as of 30/07/25.",,"<ul><li>In the current period of analysis (Aug 2024) by the <a href='https://data.humdata.org/dataset/global-acute-food-insecurity-country-data', target='_blank'>IPC</a>, 14% of the population of Ecuador are in IPC Phase 3+ (in food crisis), an estimated 2579266 people. 1% (196779 people) are estimated to be in Phase 4 (emergency).</li><li>In Ecuador there has been a total of 48,593 people displaced, with 100,719 new displacements in 2024 [<a href='https://data.humdata.org/dataset/idmc-internal-displacements-new-displacements-idps', target='_blank'>IDMC</a>].</li><li>There are 4 current crises and severity categories listed in the <a href=""https://www.acaps.org/en/thematics/all-topics/inform-severity-index"" target=""_blank"">INFORM Severity Index</a> for Ecuador: Conflict and Violence in Ecuador (High), Displacement from Venezuela to Ecuador (Medium), Floods in Ecuador (Low), Multiple crises in Ecuador (High), as of 30/07/25.</li></ul>","<ul><li>Ecuador ranked 130 out of 165 countries in the Global Peace Index (2024).</li><li>Ecuador ranked 121 out of 181 countries in the Corruption Perception Index (2024).</li><li>In the current period of analysis (Aug 2024) by the <a href='https://data.humdata.org/dataset/global-acute-food-insecurity-country-data', target='_blank'>IPC</a>, 14% of the population of Ecuador are in IPC Phase 3+ (in food crisis), an estimated 2579266 people. 1% (196779 people) are estimated to be in Phase 4 (emergency).</li><li>In Ecuador there has been a total of 48,593 people displaced, with 100,719 new displacements in 2024 [<a href='https://data.humdata.org/dataset/idmc-internal-displacements-new-displacements-idps', target='_blank'>IDMC</a>].</li><li>There are 4 current crises and severity categories listed in the <a href=""https://www.acaps.org/en/thematics/all-topics/inform-severity-index"" target=""_blank"">INFORM Severity Index</a> for Ecuador: Conflict and Violence in Ecuador (High), Displacement from Venezuela to Ecuador (Medium), Floods in Ecuador (Low), Multiple crises in Ecuador (High), as of 30/07/25.</li></ul>"
pax,El Salvador,47.0,SLV,92.0,222.0,SAL,2.0,All,https://www.peaceagreements.org/tracker/all,https://www.peaceagreements.org/agreements/search/?search_type=basic-search&countries=47&match_any_issues=True&name=&text=&signed_after=&signed_before=,15,2,"<ul><li>The most recent agreement signed in El Salvador was <a href=""https://www.peaceagreements.org/agreements/424/"" target=""_blank"">Joint Declaration Signed on 4 October 1994 by the Representatives of the Govt of El Salvador and of the Frente Farabundo Marti para la Liberacion Nacional (FMLN) (1994-10-04)</a>, as part of the El Salvador peace process.</li><li>There has been a total of 15 agreements in El Salvador, since the first agreement was signed in 1990 (<a href=""https://www.peaceagreements.org/agreements/887/"" target=""_blank"">Montelimar Declaration (1990-04-03)</a>), in 2 peace processes (El Salvador peace process, Nicaragua contra process).</li></ul>",,,,,,,,,,,,,,,,,,,,222.0,El Salvador,9.0,157.0,0.0,9.0,0.0,7.0,21.0,106.0,2.0,0.0,51.0,-12.0,28.57142857142857,0.0,48.113207547169814,-57.14285714285714,2025-08-15,107.0,165,El Salvador ranked 107 out of 165 countries in the Global Peace Index (2024).,130.0,181,El Salvador ranked 130 out of 181 countries in the Corruption Perception Index (2024).,"In the current period of analysis (Aug 2021) by the <a href='https://data.humdata.org/dataset/global-acute-food-insecurity-country-data', target='_blank'>IPC</a>, 13% of the population of El Salvador are in IPC Phase 3+ (in food crisis), an estimated 841190 people. 1% (60879 people) are estimated to be in Phase 4 (emergency).","In El Salvador there has been a total of 35,391 people displaced, with 38,930 new displacements in 2024 [<a href='https://data.humdata.org/dataset/idmc-internal-displacements-new-displacements-idps', target='_blank'>IDMC</a>].","There is 1 current crisis and severity category listed in the <a href=""https://www.acaps.org/en/thematics/all-topics/inform-severity-index"" target=""_blank"">INFORM Severity Index</a> for El Salvador: Political and Economic crisis in El Salvador (Medium), as of 28/07/25.",,"<ul><li>In the current period of analysis (Aug 2021) by the <a href='https://data.humdata.org/dataset/global-acute-food-insecurity-country-data', target='_blank'>IPC</a>, 13% of the population of El Salvador are in IPC Phase 3+ (in food crisis), an estimated 841190 people. 1% (60879 people) are estimated to be in Phase 4 (emergency).</li><li>In El Salvador there has been a total of 35,391 people displaced, with 38,930 new displacements in 2024 [<a href='https://data.humdata.org/dataset/idmc-internal-displacements-new-displacements-idps', target='_blank'>IDMC</a>].</li><li>There is 1 current crisis and severity category listed in the <a href=""https://www.acaps.org/en/thematics/all-topics/inform-severity-index"" target=""_blank"">INFORM Severity Index</a> for El Salvador: Political and Economic crisis in El Salvador (Medium), as of 28/07/25.</li></ul>","<ul><li>El Salvador ranked 107 out of 165 countries in the Global Peace Index (2024).</li><li>El Salvador ranked 130 out of 181 countries in the Corruption Perception Index (2024).</li><li>In the current period of analysis (Aug 2021) by the <a href='https://data.humdata.org/dataset/global-acute-food-insecurity-country-data', target='_blank'>IPC</a>, 13% of the population of El Salvador are in IPC Phase 3+ (in food crisis), an estimated 841190 people. 1% (60879 people) are estimated to be in Phase 4 (emergency).</li><li>In El Salvador there has been a total of 35,391 people displaced, with 38,930 new displacements in 2024 [<a href='https://data.humdata.org/dataset/idmc-internal-displacements-new-displacements-idps', target='_blank'>IDMC</a>].</li><li>There is 1 current crisis and severity category listed in the <a href=""https://www.acaps.org/en/thematics/all-topics/inform-severity-index"" target=""_blank"">INFORM Severity Index</a> for El Salvador: Political and Economic crisis in El Salvador (Medium), as of 28/07/25.</li></ul>"
pax,Eritrea,48.0,ERI,531.0,232.0,ERI,2.0,All,https://www.peaceagreements.org/tracker/all,https://www.peaceagreements.org/agreements/search/?search_type=basic-search&countries=48&match_any_issues=True&name=&text=&signed_after=&signed_before=,12,3,"<ul><li>The most recent agreement signed in Eritrea was <a href=""https://www.peaceagreements.org/agreements/2098/"" target=""_blank"">Agreement on Peace, Friendship and Comprehensive Cooperation Between the Federal Democratic Republic of Ethiopia and the State of Eritrea (2018-09-16)</a>, as part of the Eritrea-Ethiopia border dispute peace process.</li><li>There has been a total of 12 agreements in Eritrea, since the first agreement was signed in 1998 (<a href=""https://www.peaceagreements.org/agreements/599/"" target=""_blank"">UN Security Council Resolution 1177 (1998-06-26)</a>), in 3 peace processes (Eritrea-Ethiopia border dispute peace process, Eritrea-Sudan peace process, Djibouti-Eritrea border dispute peace process).</li></ul>",,,,,,,,,,,,,,,,,,,,232.0,Eritrea,0.0,11.0,0.0,0.0,0.0,1.0,1.0,13.0,0.0,0.0,-2.0,-1.0,0.0,0.0,-15.384615384615385,-100.0,2025-08-15,136.0,165,Eritrea ranked 136 out of 165 countries in the Global Peace Index (2024).,173.0,181,Eritrea ranked 173 out of 181 countries in the Corruption Perception Index (2024).,,,"There is 1 current crisis and severity category listed in the <a href=""https://www.acaps.org/en/thematics/all-topics/inform-severity-index"" target=""_blank"">INFORM Severity Index</a> for Eritrea: Complex crisis in Eritrea (Medium), as of 28/07/25.",,"<ul><li>There is 1 current crisis and severity category listed in the <a href=""https://www.acaps.org/en/thematics/all-topics/inform-severity-index"" target=""_blank"">INFORM Severity Index</a> for Eritrea: Complex crisis in Eritrea (Medium), as of 28/07/25.</li></ul>","<ul><li>Eritrea ranked 136 out of 165 countries in the Global Peace Index (2024).</li><li>Eritrea ranked 173 out of 181 countries in the Corruption Perception Index (2024).</li><li>There is 1 current crisis and severity category listed in the <a href=""https://www.acaps.org/en/thematics/all-topics/inform-severity-index"" target=""_blank"">INFORM Severity Index</a> for Eritrea: Complex crisis in Eritrea (Medium), as of 28/07/25.</li></ul>"
pax,Ethiopia,49.0,ETH,530.0,231.0,ETH,1.0,Ethiopia,https://www.peaceagreements.org/tracker/ethiopia,https://www.peaceagreements.org/agreements/search/?search_type=basic-search&countries=49&match_any_issues=True&name=&text=&signed_after=&signed_before=,26,7,"<ul><li>The most recent agreement signed in Ethiopia was <a href=""https://www.peaceagreements.org/agreements/2464/"" target=""_blank"">Declaration of the Senior Commanders on the Modalities for the Implementation of the Agreement for a Lasting Peace Through a Permanent Cessation of Hostilities (2022-11-12)</a>, as part of the Ethiopia: Tigray process.</li><li>There has been a total of 26 agreements in Ethiopia, since the first agreement was signed in 1991 (<a href=""https://www.peaceagreements.org/agreements/1300/"" target=""_blank"">Transitional Period Charter of Ethiopia (1991-07-22)</a>), in 7 peace processes (Ethiopia peace process, Somali Local Peace Processes, Kenya Local Agreements, Kenya-Ethiopia local cross-border talks, Ogaden peace process, Ethiopia: Tigray process, Eritrea-Ethiopia border dispute peace process).</li></ul>",530.0,Ethiopia,2802.0,1189.0,175.0,48.0,193.0,73.0,3655.0,648.0,-25.0,-18.0,541.0,-853.0,-34.24657534246575,-9.32642487046632,83.48765432098766,-23.337893296853625,2025-07-31,231.0,Ethiopia,5983.0,2618.0,547.0,238.0,488.0,211.0,6796.0,2671.0,27.0,59.0,-53.0,-813.0,12.796208530805686,12.09016393442623,-1.9842755522276303,-11.96291936433196,2025-08-15,144.0,165,Ethiopia ranked 144 out of 165 countries in the Global Peace Index (2024).,99.0,181,Ethiopia ranked 99 out of 181 countries in the Corruption Perception Index (2024).,"In the current period of analysis (May 2021) by the <a href='https://data.humdata.org/dataset/global-acute-food-insecurity-country-data', target='_blank'>IPC</a>, 30% of the population of Ethiopia are in IPC Phase 3+ (in food crisis), an estimated 16756345 people. 8% (4331214 people) are estimated to be in Phase 4 (emergency). 352896 (1.0%) are in Phase 5 (catastrophe/famine).","In Ethiopia there has been a total of 2,378,032 people displaced, with 386,914 new displacements in 2024 [<a href='https://data.humdata.org/dataset/idmc-internal-displacements-new-displacements-idps', target='_blank'>IDMC</a>].","There are 5 current crises and severity categories listed in the <a href=""https://www.acaps.org/en/thematics/all-topics/inform-severity-index"" target=""_blank"">INFORM Severity Index</a> for Ethiopia: Conflict, Climatic and Economic shocks in Ethiopia (Very High), Drought in Ethiopia (Very High), International Displacement to Ethiopia (High), Multiple crises in Ethiopia (Very High), Northern Ethiopia (Very High), as of 29/07/25.","Ethiopia is one of 12 focus countries in the UK's WPS <a href='https://assets.publishing.service.gov.uk/government/uploads/system/uploads/attachment_data/file/1156085/uk-women-peace-security-national-action-plan-2023-2027.pdf', target='_blank'>National Action Plan</a> for 2023-2027. ","<ul><li>In the current period of analysis (May 2021) by the <a href='https://data.humdata.org/dataset/global-acute-food-insecurity-country-data', target='_blank'>IPC</a>, 30% of the population of Ethiopia are in IPC Phase 3+ (in food crisis), an estimated 16756345 people. 8% (4331214 people) are estimated to be in Phase 4 (emergency). 352896 (1.0%) are in Phase 5 (catastrophe/famine).</li><li>In Ethiopia there has been a total of 2,378,032 people displaced, with 386,914 new displacements in 2024 [<a href='https://data.humdata.org/dataset/idmc-internal-displacements-new-displacements-idps', target='_blank'>IDMC</a>].</li><li>There are 5 current crises and severity categories listed in the <a href=""https://www.acaps.org/en/thematics/all-topics/inform-severity-index"" target=""_blank"">INFORM Severity Index</a> for Ethiopia: Conflict, Climatic and Economic shocks in Ethiopia (Very High), Drought in Ethiopia (Very High), International Displacement to Ethiopia (High), Multiple crises in Ethiopia (Very High), Northern Ethiopia (Very High), as of 29/07/25.</li><li>Ethiopia is one of 12 focus countries in the UK's WPS <a href='https://assets.publishing.service.gov.uk/government/uploads/system/uploads/attachment_data/file/1156085/uk-women-peace-security-national-action-plan-2023-2027.pdf', target='_blank'>National Action Plan</a> for 2023-2027.</li></ul>","<ul><li>Ethiopia ranked 144 out of 165 countries in the Global Peace Index (2024).</li><li>Ethiopia ranked 99 out of 181 countries in the Corruption Perception Index (2024).</li><li>In the current period of analysis (May 2021) by the <a href='https://data.humdata.org/dataset/global-acute-food-insecurity-country-data', target='_blank'>IPC</a>, 30% of the population of Ethiopia are in IPC Phase 3+ (in food crisis), an estimated 16756345 people. 8% (4331214 people) are estimated to be in Phase 4 (emergency). 352896 (1.0%) are in Phase 5 (catastrophe/famine).</li><li>In Ethiopia there has been a total of 2,378,032 people displaced, with 386,914 new displacements in 2024 [<a href='https://data.humdata.org/dataset/idmc-internal-displacements-new-displacements-idps', target='_blank'>IDMC</a>].</li><li>There are 5 current crises and severity categories listed in the <a href=""https://www.acaps.org/en/thematics/all-topics/inform-severity-index"" target=""_blank"">INFORM Severity Index</a> for Ethiopia: Conflict, Climatic and Economic shocks in Ethiopia (Very High), Drought in Ethiopia (Very High), International Displacement to Ethiopia (High), Multiple crises in Ethiopia (Very High), Northern Ethiopia (Very High), as of 29/07/25.</li><li>Ethiopia is one of 12 focus countries in the UK's WPS <a href='https://assets.publishing.service.gov.uk/government/uploads/system/uploads/attachment_data/file/1156085/uk-women-peace-security-national-action-plan-2023-2027.pdf', target='_blank'>National Action Plan</a> for 2023-2027.</li></ul>"
pax,France,52.0,FRA,220.0,250.0,FRN,2.0,All,https://www.peaceagreements.org/tracker/all,https://www.peaceagreements.org/agreements/search/?search_type=basic-search&countries=52&match_any_issues=True&name=&text=&signed_after=&signed_before=,1,1,"<ul><li>The most recent agreement signed in France was <a href=""https://www.peaceagreements.org/agreements/1887/"" target=""_blank"">Treaty on the Final Settlement with Respect to Germany (four plus two agreement) (1990-09-12)</a>, as part of the Post-WWII Germany normalisation process.</li><li>There has been a total of 1 agreement in France, since the first agreement was signed in 1990 (<a href=""https://www.peaceagreements.org/agreements/1887/"" target=""_blank"">Treaty on the Final Settlement with Respect to Germany (four plus two agreement) (1990-09-12)</a>), in 1 peace process (Post-WWII Germany normalisation process).</li></ul>",,,,,,,,,,,,,,,,,,,,250.0,France,6.0,6148.0,0.0,171.0,0.0,454.0,12.0,6763.0,-283.0,0.0,-615.0,-6.0,-62.33480176211453,0.0,-9.093597515895313,-50.0,2025-08-15,87.0,165,France ranked 87 out of 165 countries in the Global Peace Index (2024).,25.0,181,France ranked 25 out of 181 countries in the Corruption Perception Index (2024).,,,,, ,<ul><li>France ranked 87 out of 165 countries in the Global Peace Index (2024).</li><li>France ranked 25 out of 181 countries in the Corruption Perception Index (2024).</li></ul>
pax,Gabon,54.0,GAB,481.0,266.0,GAB,2.0,All,https://www.peaceagreements.org/tracker/all,https://www.peaceagreements.org/agreements/search/?search_type=basic-search&countries=54&match_any_issues=True&name=&text=&signed_after=&signed_before=,1,1,"<ul><li>The most recent agreement signed in Gabon was <a href=""https://www.peaceagreements.org/agreements/8/"" target=""_blank"">Accord de Paris (1994-10-07)</a>, as part of the Gabon peace process.</li><li>There has been a total of 1 agreement in Gabon, since the first agreement was signed in 1994 (<a href=""https://www.peaceagreements.org/agreements/8/"" target=""_blank"">Accord de Paris (1994-10-07)</a>), in 1 peace process (Gabon peace process).</li></ul>",,,,,,,,,,,,,,,,,,,,266.0,Gabon,2.0,59.0,0.0,3.0,0.0,2.0,1.0,47.0,1.0,0.0,12.0,1.0,50.0,0.0,25.53191489361702,100.0,2025-08-15,118.0,165,Gabon ranked 118 out of 165 countries in the Global Peace Index (2024).,135.0,181,Gabon ranked 135 out of 181 countries in the Corruption Perception Index (2024).,,,,, ,<ul><li>Gabon ranked 118 out of 165 countries in the Global Peace Index (2024).</li><li>Gabon ranked 135 out of 181 countries in the Corruption Perception Index (2024).</li></ul>
pax,Georgia,55.0,GEO,372.0,268.0,GRG,2.0,All,https://www.peaceagreements.org/tracker/all,https://www.peaceagreements.org/agreements/search/?search_type=basic-search&countries=55&match_any_issues=True&name=&text=&signed_after=&signed_before=,64,2,"<ul><li>The most recent agreement signed in Georgia was <a href=""https://www.peaceagreements.org/agreements/1780/"" target=""_blank"">The Provisional Mechanism for the Prevention and Settlement of Disputes - Technical Arrangements between the Ministry of Internal Affairs of Georgia and the Head of the Mission of the European Union Monitoring Mission (2008-11-03)</a>, as part of the Abkhazia peace process.</li><li>There has been a total of 64 agreements in Georgia, since the first agreement was signed in 1992 (<a href=""https://www.peaceagreements.org/agreements/1699/"" target=""_blank"">Agreement on Principles of Settlement of the Georgian-Ossetian Conflict (Sochi Agreement) (1992-06-24)</a>), in 2 peace processes (South Ossetia peace process, Abkhazia peace process).</li></ul>",,,,,,,,,,,,,,,,,,,,268.0,Georgia,1.0,707.0,0.0,48.0,0.0,49.0,1.0,180.0,-1.0,0.0,527.0,0.0,-2.0408163265306123,0.0,292.77777777777777,0.0,2025-08-15,100.0,165,Georgia ranked 100 out of 165 countries in the Global Peace Index (2024).,53.0,181,Georgia ranked 53 out of 181 countries in the Corruption Perception Index (2024).,,"In Georgia, there has been a total of 299,172 people displaced as of end of 2024 [<a href='https://data.humdata.org/dataset/idmc-internal-displacements-new-displacements-idps', target='_blank'>IDMC</a>].",,,"<ul><li>In Georgia, there has been a total of 299,172 people displaced as of end of 2024 [<a href='https://data.humdata.org/dataset/idmc-internal-displacements-new-displacements-idps', target='_blank'>IDMC</a>].</li></ul>","<ul><li>Georgia ranked 100 out of 165 countries in the Global Peace Index (2024).</li><li>Georgia ranked 53 out of 181 countries in the Corruption Perception Index (2024).</li><li>In Georgia, there has been a total of 299,172 people displaced as of end of 2024 [<a href='https://data.humdata.org/dataset/idmc-internal-displacements-new-displacements-idps', target='_blank'>IDMC</a>].</li></ul>"
pax,Germany,194.0,DEU,260.0,276.0,GMY,2.0,All,https://www.peaceagreements.org/tracker/all,https://www.peaceagreements.org/agreements/search/?search_type=basic-search&countries=194&match_any_issues=True&name=&text=&signed_after=&signed_before=,1,1,"<ul><li>The most recent agreement signed in Germany was <a href=""https://www.peaceagreements.org/agreements/1887/"" target=""_blank"">Treaty on the Final Settlement with Respect to Germany (four plus two agreement) (1990-09-12)</a>, as part of the Post-WWII Germany normalisation process.</li><li>There has been a total of 1 agreement in Germany, since the first agreement was signed in 1990 (<a href=""https://www.peaceagreements.org/agreements/1887/"" target=""_blank"">Treaty on the Final Settlement with Respect to Germany (four plus two agreement) (1990-09-12)</a>), in 1 peace process (Post-WWII Germany normalisation process).</li></ul>",260.0,Germany,3.0,1.0,0.0,0.0,0.0,0.0,0.0,0.0,0.0,0.0,0.0,0.0,0.0,0.0,0.0,0.0,2025-07-31,276.0,Germany,19.0,3348.0,0.0,193.0,1.0,230.0,5.0,5387.0,-37.0,-1.0,-2039.0,14.0,-16.08695652173913,-100.0,-37.850380545758306,280.0,2025-08-15,20.0,165,Germany ranked 20 out of 165 countries in the Global Peace Index (2024).,15.0,181,Germany ranked 15 out of 181 countries in the Corruption Perception Index (2024).,,,,, ,<ul><li>Germany ranked 20 out of 165 countries in the Global Peace Index (2024).</li><li>Germany ranked 15 out of 181 countries in the Corruption Perception Index (2024).</li></ul>
pax,Ghana,172.0,GHA,452.0,288.0,GHA,2.0,All,https://www.peaceagreements.org/tracker/all,https://www.peaceagreements.org/agreements/search/?search_type=basic-search&countries=172&match_any_issues=True&name=&text=&signed_after=&signed_before=,1,1,"<ul><li>The most recent agreement signed in Ghana was <a href=""https://www.peaceagreements.org/agreements/2487/"" target=""_blank"">Kumasi Accord on Peace and Reconciliation Between the Various Ethnic Groups in the Northern Region of Ghana (1996-03-30)</a>, as part of the Ghana: Local peace processes in Northern Region.</li><li>There has been a total of 1 agreement in Ghana, since the first agreement was signed in 1996 (<a href=""https://www.peaceagreements.org/agreements/2487/"" target=""_blank"">Kumasi Accord on Peace and Reconciliation Between the Various Ethnic Groups in the Northern Region of Ghana (1996-03-30)</a>), in 1 peace process (Ghana: Local peace processes in Northern Region).</li></ul>",,,,,,,,,,,,,,,,,,,,288.0,Ghana,222.0,545.0,15.0,42.0,25.0,28.0,152.0,377.0,14.0,-10.0,168.0,70.0,50.0,-40.0,44.56233421750663,46.05263157894737,2025-08-15,55.0,165,Ghana ranked 55 out of 165 countries in the Global Peace Index (2024).,80.0,181,Ghana ranked 80 out of 181 countries in the Corruption Perception Index (2024).,"In the current period of analysis (Mar 2025) by the <a href='https://data.humdata.org/dataset/global-acute-food-insecurity-country-data', target='_blank'>IPC</a>, 7% of the population of Ghana are in IPC Phase 3+ (in food crisis), an estimated 2378582 people. 0% (136116 people) are estimated to be in Phase 4 (emergency).","In Ghana, there has been a total of 3,158 people displaced as of end of 2024 [<a href='https://data.humdata.org/dataset/idmc-internal-displacements-new-displacements-idps', target='_blank'>IDMC</a>].",,,"<ul><li>In the current period of analysis (Mar 2025) by the <a href='https://data.humdata.org/dataset/global-acute-food-insecurity-country-data', target='_blank'>IPC</a>, 7% of the population of Ghana are in IPC Phase 3+ (in food crisis), an estimated 2378582 people. 0% (136116 people) are estimated to be in Phase 4 (emergency).</li><li>In Ghana, there has been a total of 3,158 people displaced as of end of 2024 [<a href='https://data.humdata.org/dataset/idmc-internal-displacements-new-displacements-idps', target='_blank'>IDMC</a>].</li></ul>","<ul><li>Ghana ranked 55 out of 165 countries in the Global Peace Index (2024).</li><li>Ghana ranked 80 out of 181 countries in the Corruption Perception Index (2024).</li><li>In the current period of analysis (Mar 2025) by the <a href='https://data.humdata.org/dataset/global-acute-food-insecurity-country-data', target='_blank'>IPC</a>, 7% of the population of Ghana are in IPC Phase 3+ (in food crisis), an estimated 2378582 people. 0% (136116 people) are estimated to be in Phase 4 (emergency).</li><li>In Ghana, there has been a total of 3,158 people displaced as of end of 2024 [<a href='https://data.humdata.org/dataset/idmc-internal-displacements-new-displacements-idps', target='_blank'>IDMC</a>].</li></ul>"
pax,Guatemala,56.0,GTM,90.0,320.0,GUA,2.0,All,https://www.peaceagreements.org/tracker/all,https://www.peaceagreements.org/agreements/search/?search_type=basic-search&countries=56&match_any_issues=True&name=&text=&signed_after=&signed_before=,19,2,"<ul><li>The most recent agreement signed in Guatemala was <a href=""https://www.peaceagreements.org/agreements/254/"" target=""_blank"">Agreement on a Firm and Lasting Peace (1996-12-29)</a>, as part of the Guatemala peace process.</li><li>There has been a total of 19 agreements in Guatemala, since the first agreement was signed in 1990 (<a href=""https://www.peaceagreements.org/agreements/309/"" target=""_blank"">Basic Agreement for the Search for Peace by Political Means ('Oslo Agreement') (1990-03-30)</a>), in 2 peace processes (Guatemala peace process, Nicaragua contra process).</li></ul>",90.0,Guatemala,3.0,1.0,0.0,0.0,0.0,0.0,22.0,14.0,0.0,0.0,-13.0,-19.0,0.0,0.0,-92.85714285714286,-86.36363636363636,2025-07-31,320.0,Guatemala,457.0,700.0,74.0,70.0,40.0,124.0,433.0,1242.0,-54.0,34.0,-542.0,24.0,-43.54838709677419,85.0,-43.63929146537842,5.542725173210162,2025-08-15,117.0,165,Guatemala ranked 117 out of 165 countries in the Global Peace Index (2024).,146.0,181,Guatemala ranked 146 out of 181 countries in the Corruption Perception Index (2024).,"In the current period of analysis (Jul 2024) by the <a href='https://data.humdata.org/dataset/global-acute-food-insecurity-country-data', target='_blank'>IPC</a>, 17% of the population of Guatemala are in IPC Phase 3+ (in food crisis), an estimated 2994471 people. 2% (386280 people) are estimated to be in Phase 4 (emergency).","In Guatemala there has been a total of 572,813 people displaced, with 553 new displacements in 2024 [<a href='https://data.humdata.org/dataset/idmc-internal-displacements-new-displacements-idps', target='_blank'>IDMC</a>].","There is 1 current crisis and severity category listed in the <a href=""https://www.acaps.org/en/thematics/all-topics/inform-severity-index"" target=""_blank"">INFORM Severity Index</a> for Guatemala: Climatic Shocks and Violence in Guatemala (High), as of 29/07/25.",,"<ul><li>In the current period of analysis (Jul 2024) by the <a href='https://data.humdata.org/dataset/global-acute-food-insecurity-country-data', target='_blank'>IPC</a>, 17% of the population of Guatemala are in IPC Phase 3+ (in food crisis), an estimated 2994471 people. 2% (386280 people) are estimated to be in Phase 4 (emergency).</li><li>In Guatemala there has been a total of 572,813 people displaced, with 553 new displacements in 2024 [<a href='https://data.humdata.org/dataset/idmc-internal-displacements-new-displacements-idps', target='_blank'>IDMC</a>].</li><li>There is 1 current crisis and severity category listed in the <a href=""https://www.acaps.org/en/thematics/all-topics/inform-severity-index"" target=""_blank"">INFORM Severity Index</a> for Guatemala: Climatic Shocks and Violence in Guatemala (High), as of 29/07/25.</li></ul>","<ul><li>Guatemala ranked 117 out of 165 countries in the Global Peace Index (2024).</li><li>Guatemala ranked 146 out of 181 countries in the Corruption Perception Index (2024).</li><li>In the current period of analysis (Jul 2024) by the <a href='https://data.humdata.org/dataset/global-acute-food-insecurity-country-data', target='_blank'>IPC</a>, 17% of the population of Guatemala are in IPC Phase 3+ (in food crisis), an estimated 2994471 people. 2% (386280 people) are estimated to be in Phase 4 (emergency).</li><li>In Guatemala there has been a total of 572,813 people displaced, with 553 new displacements in 2024 [<a href='https://data.humdata.org/dataset/idmc-internal-displacements-new-displacements-idps', target='_blank'>IDMC</a>].</li><li>There is 1 current crisis and severity category listed in the <a href=""https://www.acaps.org/en/thematics/all-topics/inform-severity-index"" target=""_blank"">INFORM Severity Index</a> for Guatemala: Climatic Shocks and Violence in Guatemala (High), as of 29/07/25.</li></ul>"
pax,Guinea,57.0,GIN,438.0,324.0,GUI,2.0,All,https://www.peaceagreements.org/tracker/all,https://www.peaceagreements.org/agreements/search/?search_type=basic-search&countries=57&match_any_issues=True&name=&text=&signed_after=&signed_before=,2,1,"<ul><li>The most recent agreement signed in Guinea was <a href=""https://www.peaceagreements.org/agreements/1915/"" target=""_blank"">Dialogue Politique Inter-Guinéen Accord du 12 Octobre 2016 (2016-10-12)</a>, as part of the Guinea peace process.</li><li>There has been a total of 2 agreements in Guinea, since the first agreement was signed in 2010 (<a href=""https://www.peaceagreements.org/agreements/763/"" target=""_blank"">Ouagadougou Joint Declaration (2010-01-15)</a>), in 1 peace process (Guinea peace process).</li></ul>",,,,,,,,,,,,,,,,,,,,324.0,Guinea,33.0,248.0,3.0,10.0,6.0,16.0,80.0,263.0,-6.0,-3.0,-15.0,-47.0,-37.5,-50.0,-5.7034220532319395,-58.75,2025-08-15,124.0,165,Guinea ranked 124 out of 165 countries in the Global Peace Index (2024).,133.0,181,Guinea ranked 133 out of 181 countries in the Corruption Perception Index (2024).,"In the current period of analysis (Mar 2025) by the <a href='https://data.humdata.org/dataset/global-acute-food-insecurity-country-data', target='_blank'>IPC</a>, 13% of the population of Guinea are in IPC Phase 3+ (in food crisis), an estimated 1821316 people. 1% (110137 people) are estimated to be in Phase 4 (emergency).",,,,"<ul><li>In the current period of analysis (Mar 2025) by the <a href='https://data.humdata.org/dataset/global-acute-food-insecurity-country-data', target='_blank'>IPC</a>, 13% of the population of Guinea are in IPC Phase 3+ (in food crisis), an estimated 1821316 people. 1% (110137 people) are estimated to be in Phase 4 (emergency).</li></ul>","<ul><li>Guinea ranked 124 out of 165 countries in the Global Peace Index (2024).</li><li>Guinea ranked 133 out of 181 countries in the Corruption Perception Index (2024).</li><li>In the current period of analysis (Mar 2025) by the <a href='https://data.humdata.org/dataset/global-acute-food-insecurity-country-data', target='_blank'>IPC</a>, 13% of the population of Guinea are in IPC Phase 3+ (in food crisis), an estimated 1821316 people. 1% (110137 people) are estimated to be in Phase 4 (emergency).</li></ul>"
pax,Guinea-Bissau,58.0,GNB,404.0,624.0,GNB,2.0,All,https://www.peaceagreements.org/tracker/all,https://www.peaceagreements.org/agreements/search/?search_type=basic-search&countries=58&match_any_issues=True&name=&text=&signed_after=&signed_before=,6,1,"<ul><li>The most recent agreement signed in Guinea-Bissau was <a href=""https://www.peaceagreements.org/agreements/79/"" target=""_blank"">Final Communique of the Lome Meeting on the Peace Process in Guinea-Bissau (1998-12-15)</a>, as part of the Guinea Bissau peace process.</li><li>There has been a total of 6 agreements in Guinea-Bissau, since the first agreement was signed in 1998 (<a href=""https://www.peaceagreements.org/agreements/1040/"" target=""_blank"">Memorandum of Understanding between the Government of Guinea Bissau and the Self-proclaimed Military Junta (1998-07-26)</a>), in 1 peace process (Guinea Bissau peace process).</li></ul>",,,,,,,,,,,,,,,,,,,,624.0,Guinea-Bissau,2.0,20.0,0.0,1.0,0.0,2.0,11.0,25.0,-1.0,0.0,-5.0,-9.0,-50.0,0.0,-20.0,-81.81818181818183,2025-08-15,86.0,165,Guinea-Bissau ranked 86 out of 165 countries in the Global Peace Index (2024).,158.0,181,Guinea Bissau ranked 158 out of 181 countries in the Corruption Perception Index (2024).,"In the current period of analysis (Mar 2025) by the <a href='https://data.humdata.org/dataset/global-acute-food-insecurity-country-data', target='_blank'>IPC</a>, 7% of the population of Guinea-Bissau are in IPC Phase 3+ (in food crisis), an estimated 121695 people.",,,,"<ul><li>In the current period of analysis (Mar 2025) by the <a href='https://data.humdata.org/dataset/global-acute-food-insecurity-country-data', target='_blank'>IPC</a>, 7% of the population of Guinea-Bissau are in IPC Phase 3+ (in food crisis), an estimated 121695 people.</li></ul>","<ul><li>Guinea-Bissau ranked 86 out of 165 countries in the Global Peace Index (2024).</li><li>Guinea Bissau ranked 158 out of 181 countries in the Corruption Perception Index (2024).</li><li>In the current period of analysis (Mar 2025) by the <a href='https://data.humdata.org/dataset/global-acute-food-insecurity-country-data', target='_blank'>IPC</a>, 7% of the population of Guinea-Bissau are in IPC Phase 3+ (in food crisis), an estimated 121695 people.</li></ul>"
pax,Haiti,59.0,HTI,41.0,332.0,HAI,2.0,All,https://www.peaceagreements.org/tracker/all,https://www.peaceagreements.org/agreements/search/?search_type=basic-search&countries=59&match_any_issues=True&name=&text=&signed_after=&signed_before=,6,2,"<ul><li>The most recent agreement signed in Haiti was <a href=""https://www.peaceagreements.org/agreements/2619/"" target=""_blank"">Outcome Declaration of CARICOM, International Partners and Haitian Stakeholders (2024-03-11)</a>, as part of the Haiti: post-2022 agreements.</li><li>There has been a total of 6 agreements in Haiti, since the first agreement was signed in 1992 (<a href=""https://www.peaceagreements.org/agreements/28/"" target=""_blank"">Protocol between President Jean-Bertrand Aristide and the parliamentary negotiating commission to find a definitive solution to the Haitian crisis (1992-02-23)</a>), in 2 peace processes (Haitian peace process, Haiti: post-2022 agreements).</li></ul>",41.0,Haiti,463.0,46.0,17.0,4.0,9.0,4.0,138.0,24.0,0.0,8.0,22.0,325.0,0.0,88.88888888888889,91.66666666666666,235.50724637681157,2025-07-31,332.0,Haiti,3671.0,1909.0,89.0,76.0,92.0,101.0,2060.0,2125.0,-25.0,-3.0,-216.0,1611.0,-24.752475247524753,-3.260869565217391,-10.16470588235294,78.20388349514563,2025-08-15,143.0,165,Haiti ranked 143 out of 165 countries in the Global Peace Index (2024).,168.0,181,Haiti ranked 168 out of 181 countries in the Corruption Perception Index (2024).,"In the current period of analysis (Aug 2024) by the <a href='https://data.humdata.org/dataset/global-acute-food-insecurity-country-data', target='_blank'>IPC</a>, 48% of the population of Haiti are in IPC Phase 3+ (in food crisis), an estimated 5407898 people. 18% (2001911 people) are estimated to be in Phase 4 (emergency). 5636 (0.0%) are in Phase 5 (catastrophe/famine).","In Haiti there has been a total of 1,037,463 people displaced, with 888,684 new displacements in 2024 [<a href='https://data.humdata.org/dataset/idmc-internal-displacements-new-displacements-idps', target='_blank'>IDMC</a>].","There is 1 current crisis and severity category listed in the <a href=""https://www.acaps.org/en/thematics/all-topics/inform-severity-index"" target=""_blank"">INFORM Severity Index</a> for Haiti: Complex crisis in Haiti (Very High), as of 29/07/25.",,"<ul><li>In the current period of analysis (Aug 2024) by the <a href='https://data.humdata.org/dataset/global-acute-food-insecurity-country-data', target='_blank'>IPC</a>, 48% of the population of Haiti are in IPC Phase 3+ (in food crisis), an estimated 5407898 people. 18% (2001911 people) are estimated to be in Phase 4 (emergency). 5636 (0.0%) are in Phase 5 (catastrophe/famine).</li><li>In Haiti there has been a total of 1,037,463 people displaced, with 888,684 new displacements in 2024 [<a href='https://data.humdata.org/dataset/idmc-internal-displacements-new-displacements-idps', target='_blank'>IDMC</a>].</li><li>There is 1 current crisis and severity category listed in the <a href=""https://www.acaps.org/en/thematics/all-topics/inform-severity-index"" target=""_blank"">INFORM Severity Index</a> for Haiti: Complex crisis in Haiti (Very High), as of 29/07/25.</li></ul>","<ul><li>Haiti ranked 143 out of 165 countries in the Global Peace Index (2024).</li><li>Haiti ranked 168 out of 181 countries in the Corruption Perception Index (2024).</li><li>In the current period of analysis (Aug 2024) by the <a href='https://data.humdata.org/dataset/global-acute-food-insecurity-country-data', target='_blank'>IPC</a>, 48% of the population of Haiti are in IPC Phase 3+ (in food crisis), an estimated 5407898 people. 18% (2001911 people) are estimated to be in Phase 4 (emergency). 5636 (0.0%) are in Phase 5 (catastrophe/famine).</li><li>In Haiti there has been a total of 1,037,463 people displaced, with 888,684 new displacements in 2024 [<a href='https://data.humdata.org/dataset/idmc-internal-displacements-new-displacements-idps', target='_blank'>IDMC</a>].</li><li>There is 1 current crisis and severity category listed in the <a href=""https://www.acaps.org/en/thematics/all-topics/inform-severity-index"" target=""_blank"">INFORM Severity Index</a> for Haiti: Complex crisis in Haiti (Very High), as of 29/07/25.</li></ul>"
pax,Honduras,61.0,HND,91.0,340.0,HON,2.0,All,https://www.peaceagreements.org/tracker/all,https://www.peaceagreements.org/agreements/search/?search_type=basic-search&countries=61&match_any_issues=True&name=&text=&signed_after=&signed_before=,3,2,"<ul><li>The most recent agreement signed in Honduras was <a href=""https://www.peaceagreements.org/agreements/1940/"" target=""_blank"">Dialogo Guaymuras Acuerdo Tegucigalpa/San Jose Para La Reconciliacion Nacional Y El Fortalecimiento de la democracia en Honduras (2009-10-30)</a>, as part of the Honduran constitutional crisis process.</li><li>There has been a total of 3 agreements in Honduras, since the first agreement was signed in 1990 (<a href=""https://www.peaceagreements.org/agreements/887/"" target=""_blank"">Montelimar Declaration (1990-04-03)</a>), in 2 peace processes (Honduran constitutional crisis process, Nicaragua contra process).</li></ul>",,,,,,,,,,,,,,,,,,,,340.0,Honduras,532.0,1091.0,28.0,98.0,54.0,88.0,484.0,1180.0,10.0,-26.0,-89.0,48.0,11.363636363636363,-48.148148148148145,-7.5423728813559325,9.917355371900827,2025-08-15,123.0,165,Honduras ranked 123 out of 165 countries in the Global Peace Index (2024).,154.0,181,Honduras ranked 154 out of 181 countries in the Corruption Perception Index (2024).,"In the current period of analysis (Feb 2025) by the <a href='https://data.humdata.org/dataset/global-acute-food-insecurity-country-data', target='_blank'>IPC</a>, 18% of the population of Honduras are in IPC Phase 3+ (in food crisis), an estimated 1784832 people. 1% (115602 people) are estimated to be in Phase 4 (emergency).","In Honduras there has been a total of 100,637 people displaced, with 4,306 new displacements in 2024 [<a href='https://data.humdata.org/dataset/idmc-internal-displacements-new-displacements-idps', target='_blank'>IDMC</a>].","There is 1 current crisis and severity category listed in the <a href=""https://www.acaps.org/en/thematics/all-topics/inform-severity-index"" target=""_blank"">INFORM Severity Index</a> for Honduras: Climatic Shocks and Conflict and Violence in Honduras (High), as of 29/07/25.",,"<ul><li>In the current period of analysis (Feb 2025) by the <a href='https://data.humdata.org/dataset/global-acute-food-insecurity-country-data', target='_blank'>IPC</a>, 18% of the population of Honduras are in IPC Phase 3+ (in food crisis), an estimated 1784832 people. 1% (115602 people) are estimated to be in Phase 4 (emergency).</li><li>In Honduras there has been a total of 100,637 people displaced, with 4,306 new displacements in 2024 [<a href='https://data.humdata.org/dataset/idmc-internal-displacements-new-displacements-idps', target='_blank'>IDMC</a>].</li><li>There is 1 current crisis and severity category listed in the <a href=""https://www.acaps.org/en/thematics/all-topics/inform-severity-index"" target=""_blank"">INFORM Severity Index</a> for Honduras: Climatic Shocks and Conflict and Violence in Honduras (High), as of 29/07/25.</li></ul>","<ul><li>Honduras ranked 123 out of 165 countries in the Global Peace Index (2024).</li><li>Honduras ranked 154 out of 181 countries in the Corruption Perception Index (2024).</li><li>In the current period of analysis (Feb 2025) by the <a href='https://data.humdata.org/dataset/global-acute-food-insecurity-country-data', target='_blank'>IPC</a>, 18% of the population of Honduras are in IPC Phase 3+ (in food crisis), an estimated 1784832 people. 1% (115602 people) are estimated to be in Phase 4 (emergency).</li><li>In Honduras there has been a total of 100,637 people displaced, with 4,306 new displacements in 2024 [<a href='https://data.humdata.org/dataset/idmc-internal-displacements-new-displacements-idps', target='_blank'>IDMC</a>].</li><li>There is 1 current crisis and severity category listed in the <a href=""https://www.acaps.org/en/thematics/all-topics/inform-severity-index"" target=""_blank"">INFORM Severity Index</a> for Honduras: Climatic Shocks and Conflict and Violence in Honduras (High), as of 29/07/25.</li></ul>"
pax,India,62.0,IND,750.0,356.0,IND,2.0,All,https://www.peaceagreements.org/tracker/all,https://www.peaceagreements.org/agreements/search/?search_type=basic-search&countries=62&match_any_issues=True&name=&text=&signed_after=&signed_before=,41,9,"<ul><li>The most recent agreement signed in India was <a href=""https://www.peaceagreements.org/agreements/2551/"" target=""_blank"">September Joint Accordant (2022-09-14)</a>, as part of the India-Nagaland peace process.</li><li>There has been a total of 41 agreements in India, since the first agreement was signed in 1991 (<a href=""https://www.peaceagreements.org/agreements/1522/"" target=""_blank"">Agreement between India and Pakistan on Prevention of Air Space Violations and for Permitting over flights and landings by military aircraft (1991-04-06)</a>), in 9 peace processes (India-Pakistan border and related process, India Bodoland peace process, India-Tripura peace process, India-Hmar-Bodoland peace process, India-Darjeeling peace process, India-Assam agreement, India-Nagaland peace process, India - Manipur, China-India border dispute peace process).</li></ul>",750.0,India,587.0,184.0,27.0,12.0,27.0,14.0,484.0,226.0,-2.0,0.0,-42.0,103.0,-14.285714285714285,0.0,-18.58407079646018,21.280991735537192,2025-07-31,356.0,India,1267.0,27059.0,79.0,2401.0,91.0,2514.0,1149.0,23236.0,-113.0,-12.0,3823.0,118.0,-4.494828957836118,-13.186813186813188,16.452917886038907,10.269799825935596,2025-08-15,116.0,165,India ranked 116 out of 165 countries in the Global Peace Index (2024).,96.0,181,India ranked 96 out of 181 countries in the Corruption Perception Index (2024).,,"In India there has been a total of 524,814 people displaced, with 1,736 new displacements in 2024 [<a href='https://data.humdata.org/dataset/idmc-internal-displacements-new-displacements-idps', target='_blank'>IDMC</a>].","There are 4 current crises and severity categories listed in the <a href=""https://www.acaps.org/en/thematics/all-topics/inform-severity-index"" target=""_blank"">INFORM Severity Index</a> for India: 2024 Monsoon Floods in India (Medium), 2025 Monsoon Floods in India (Medium), Conflict in Jammu and Kashmir (None), Multiple Crises in India (Medium), as of 28/07/25.",,"<ul><li>In India there has been a total of 524,814 people displaced, with 1,736 new displacements in 2024 [<a href='https://data.humdata.org/dataset/idmc-internal-displacements-new-displacements-idps', target='_blank'>IDMC</a>].</li><li>There are 4 current crises and severity categories listed in the <a href=""https://www.acaps.org/en/thematics/all-topics/inform-severity-index"" target=""_blank"">INFORM Severity Index</a> for India: 2024 Monsoon Floods in India (Medium), 2025 Monsoon Floods in India (Medium), Conflict in Jammu and Kashmir (None), Multiple Crises in India (Medium), as of 28/07/25.</li></ul>","<ul><li>India ranked 116 out of 165 countries in the Global Peace Index (2024).</li><li>India ranked 96 out of 181 countries in the Corruption Perception Index (2024).</li><li>In India there has been a total of 524,814 people displaced, with 1,736 new displacements in 2024 [<a href='https://data.humdata.org/dataset/idmc-internal-displacements-new-displacements-idps', target='_blank'>IDMC</a>].</li><li>There are 4 current crises and severity categories listed in the <a href=""https://www.acaps.org/en/thematics/all-topics/inform-severity-index"" target=""_blank"">INFORM Severity Index</a> for India: 2024 Monsoon Floods in India (Medium), 2025 Monsoon Floods in India (Medium), Conflict in Jammu and Kashmir (None), Multiple Crises in India (Medium), as of 28/07/25.</li></ul>"
pax,Indonesia,63.0,IDN,850.0,360.0,INS,2.0,All,https://www.peaceagreements.org/tracker/all,https://www.peaceagreements.org/agreements/search/?search_type=basic-search&countries=63&match_any_issues=True&name=&text=&signed_after=&signed_before=,22,3,"<ul><li>The most recent agreement signed in Indonesia was <a href=""https://www.peaceagreements.org/agreements/450/"" target=""_blank"">Memorandum of Understanding between the Goverment of the Republic of Indonesia and the Free Aceh Movement (Helsinki MOU) (2005-08-15)</a>, as part of the Indonesia-Aceh peace process.</li><li>There has been a total of 22 agreements in Indonesia, since the first agreement was signed in 1999 (<a href=""https://www.peaceagreements.org/agreements/241/"" target=""_blank"">Agreement Between the Republic of Indonesia and the Portuguese Republic on the Question of East Timor (1999-05-05)</a>), in 3 peace processes (East Timor-Indonesia peace process, Indonesia-Aceh peace process, Moluccas peace process).</li></ul>",850.0,Indonesia,98.0,41.0,4.0,4.0,8.0,6.0,162.0,46.0,-2.0,-4.0,-5.0,-64.0,-33.33333333333333,-50.0,-10.869565217391305,-39.50617283950617,2025-07-31,360.0,Indonesia,240.0,4834.0,25.0,362.0,32.0,383.0,182.0,3150.0,-21.0,-7.0,1684.0,58.0,-5.483028720626632,-21.875,53.46031746031746,31.868131868131865,2025-08-15,48.0,165,Indonesia ranked 48 out of 165 countries in the Global Peace Index (2024).,99.0,181,Indonesia ranked 99 out of 181 countries in the Corruption Perception Index (2024).,,"In Indonesia there has been a total of 56,966 people displaced, with 14,296 new displacements in 2024 [<a href='https://data.humdata.org/dataset/idmc-internal-displacements-new-displacements-idps', target='_blank'>IDMC</a>].","There is 1 current crisis and severity category listed in the <a href=""https://www.acaps.org/en/thematics/all-topics/inform-severity-index"" target=""_blank"">INFORM Severity Index</a> for Indonesia: Conflict in Papua (Medium), as of 27/07/25.",,"<ul><li>In Indonesia there has been a total of 56,966 people displaced, with 14,296 new displacements in 2024 [<a href='https://data.humdata.org/dataset/idmc-internal-displacements-new-displacements-idps', target='_blank'>IDMC</a>].</li><li>There is 1 current crisis and severity category listed in the <a href=""https://www.acaps.org/en/thematics/all-topics/inform-severity-index"" target=""_blank"">INFORM Severity Index</a> for Indonesia: Conflict in Papua (Medium), as of 27/07/25.</li></ul>","<ul><li>Indonesia ranked 48 out of 165 countries in the Global Peace Index (2024).</li><li>Indonesia ranked 99 out of 181 countries in the Corruption Perception Index (2024).</li><li>In Indonesia there has been a total of 56,966 people displaced, with 14,296 new displacements in 2024 [<a href='https://data.humdata.org/dataset/idmc-internal-displacements-new-displacements-idps', target='_blank'>IDMC</a>].</li><li>There is 1 current crisis and severity category listed in the <a href=""https://www.acaps.org/en/thematics/all-topics/inform-severity-index"" target=""_blank"">INFORM Severity Index</a> for Indonesia: Conflict in Papua (Medium), as of 27/07/25.</li></ul>"
pax,Iran,66.0,IRN,630.0,364.0,IRN,2.0,All,https://www.peaceagreements.org/tracker/all,https://www.peaceagreements.org/agreements/search/?search_type=basic-search&countries=66&match_any_issues=True&name=&text=&signed_after=&signed_before=,1,1,"<ul><li>The most recent agreement signed in Iran was <a href=""https://www.peaceagreements.org/agreements/2558/"" target=""_blank"">Joint Trilateral Statement by the People’s Republic of China, the Kingdom of Saudi Arabia, and the Islamic Republic of Iran (2023-03-10)</a>, as part of the Iran-Saudi Arabia Process.</li><li>There has been a total of 1 agreement in Iran, since the first agreement was signed in 2023 (<a href=""https://www.peaceagreements.org/agreements/2558/"" target=""_blank"">Joint Trilateral Statement by the People’s Republic of China, the Kingdom of Saudi Arabia, and the Islamic Republic of Iran (2023-03-10)</a>), in 1 peace process (Iran-Saudi Arabia Process).</li></ul>",630.0,Iran,1261.0,56.0,2.0,1.0,1190.0,34.0,155.0,12.0,-33.0,-1188.0,44.0,1106.0,-97.05882352941177,-99.83193277310924,366.66666666666663,713.5483870967743,2025-07-31,364.0,Iran,751.0,4427.0,36.0,307.0,298.0,551.0,287.0,2706.0,-244.0,-262.0,1721.0,464.0,-44.283121597096184,-87.91946308724832,63.59940872135994,161.6724738675958,2025-08-15,133.0,165,Iran ranked 133 out of 165 countries in the Global Peace Index (2024).,151.0,181,Iran ranked 151 out of 181 countries in the Corruption Perception Index (2024).,,,"There is 1 current crisis and severity category listed in the <a href=""https://www.acaps.org/en/thematics/all-topics/inform-severity-index"" target=""_blank"">INFORM Severity Index</a> for Iran: Displacement from Afghanistan to Iran (High), as of 24/07/25.",,"<ul><li>There is 1 current crisis and severity category listed in the <a href=""https://www.acaps.org/en/thematics/all-topics/inform-severity-index"" target=""_blank"">INFORM Severity Index</a> for Iran: Displacement from Afghanistan to Iran (High), as of 24/07/25.</li></ul>","<ul><li>Iran ranked 133 out of 165 countries in the Global Peace Index (2024).</li><li>Iran ranked 151 out of 181 countries in the Corruption Perception Index (2024).</li><li>There is 1 current crisis and severity category listed in the <a href=""https://www.acaps.org/en/thematics/all-topics/inform-severity-index"" target=""_blank"">INFORM Severity Index</a> for Iran: Displacement from Afghanistan to Iran (High), as of 24/07/25.</li></ul>"
pax,Iraq,64.0,IRQ,645.0,368.0,IRQ,1.0,Iraq,https://www.peaceagreements.org/tracker/iraq,https://www.peaceagreements.org/agreements/search/?search_type=basic-search&countries=64&match_any_issues=True&name=&text=&signed_after=&signed_before=,12,4,"<ul><li>The most recent agreement signed in Iraq was <a href=""https://www.peaceagreements.org/agreements/2239/"" target=""_blank"">A Pact of Honor for the Tribes in Al-Ayadiyah Sub-District (2018-08-09)</a>, as part of the Iraq Post-ISIS local agreements.</li><li>There has been a total of 12 agreements in Iraq, since the first agreement was signed in 1991 (<a href=""https://www.peaceagreements.org/agreements/538/"" target=""_blank"">UN Security Council Resolution 687 (1991-04-03)</a>), in 4 peace processes (Iraq peace process - first Iraq war, Iraq peace process - second Iraq war, Kurdistan/Iraq territorial conflict, Iraq Post-ISIS local agreements).</li></ul>",645.0,Iraq,293.0,200.0,0.0,0.0,5.0,2.0,427.0,252.0,0.0,0.0,-52.0,-134.0,0.0,0.0,-20.634920634920633,-31.381733021077284,2025-07-31,368.0,Iraq,807.0,7881.0,33.0,312.0,46.0,523.0,1106.0,8480.0,-211.0,-13.0,-599.0,-299.0,-40.344168260038245,-28.26086956521739,-7.063679245283019,-27.034358047016276,2025-08-15,151.0,165,Iraq ranked 151 out of 165 countries in the Global Peace Index (2024).,140.0,181,Iraq ranked 140 out of 181 countries in the Corruption Perception Index (2024).,,"In Iraq there has been a total of 1,031,475 people displaced, with 22,947 new displacements in 2024 [<a href='https://data.humdata.org/dataset/idmc-internal-displacements-new-displacements-idps', target='_blank'>IDMC</a>].","There are 3 current crises and severity categories listed in the <a href=""https://www.acaps.org/en/thematics/all-topics/inform-severity-index"" target=""_blank"">INFORM Severity Index</a> for Iraq: Displacement from Syria to Iraq (Medium), Internal displacement in Iraq (High), Multiple crises in Iraq (High), as of 24/07/25.","Iraq is one of 12 focus countries in the UK's WPS <a href='https://assets.publishing.service.gov.uk/government/uploads/system/uploads/attachment_data/file/1156085/uk-women-peace-security-national-action-plan-2023-2027.pdf', target='_blank'>National Action Plan</a> for 2023-2027. ","<ul><li>In Iraq there has been a total of 1,031,475 people displaced, with 22,947 new displacements in 2024 [<a href='https://data.humdata.org/dataset/idmc-internal-displacements-new-displacements-idps', target='_blank'>IDMC</a>].</li><li>There are 3 current crises and severity categories listed in the <a href=""https://www.acaps.org/en/thematics/all-topics/inform-severity-index"" target=""_blank"">INFORM Severity Index</a> for Iraq: Displacement from Syria to Iraq (Medium), Internal displacement in Iraq (High), Multiple crises in Iraq (High), as of 24/07/25.</li><li>Iraq is one of 12 focus countries in the UK's WPS <a href='https://assets.publishing.service.gov.uk/government/uploads/system/uploads/attachment_data/file/1156085/uk-women-peace-security-national-action-plan-2023-2027.pdf', target='_blank'>National Action Plan</a> for 2023-2027.</li></ul>","<ul><li>Iraq ranked 151 out of 165 countries in the Global Peace Index (2024).</li><li>Iraq ranked 140 out of 181 countries in the Corruption Perception Index (2024).</li><li>In Iraq there has been a total of 1,031,475 people displaced, with 22,947 new displacements in 2024 [<a href='https://data.humdata.org/dataset/idmc-internal-displacements-new-displacements-idps', target='_blank'>IDMC</a>].</li><li>There are 3 current crises and severity categories listed in the <a href=""https://www.acaps.org/en/thematics/all-topics/inform-severity-index"" target=""_blank"">INFORM Severity Index</a> for Iraq: Displacement from Syria to Iraq (Medium), Internal displacement in Iraq (High), Multiple crises in Iraq (High), as of 24/07/25.</li><li>Iraq is one of 12 focus countries in the UK's WPS <a href='https://assets.publishing.service.gov.uk/government/uploads/system/uploads/attachment_data/file/1156085/uk-women-peace-security-national-action-plan-2023-2027.pdf', target='_blank'>National Action Plan</a> for 2023-2027.</li></ul>"
pax,Ireland,65.0,IRL,205.0,372.0,IRE,2.0,All,https://www.peaceagreements.org/tracker/all,https://www.peaceagreements.org/agreements/search/?search_type=basic-search&countries=65&match_any_issues=True&name=&text=&signed_after=&signed_before=,35,1,"<ul><li>The most recent agreement signed in Ireland was <a href=""https://www.peaceagreements.org/agreements/2270/"" target=""_blank"">New Decade, New Approach (2020-01-10)</a>, as part of the Northern Ireland peace process.</li><li>There has been a total of 35 agreements in Ireland, since the first agreement was signed in 1993 (<a href=""https://www.peaceagreements.org/agreements/127/"" target=""_blank"">Joint Declaration Issued by The Prime Minister Rt John Major MP and the Taoiseach Mr Albert Reynolds TD (Downing Street Declaration) (1993-12-15)</a>), in 1 peace process (Northern Ireland peace process).</li></ul>",,,,,,,,,,,,,,,,,,,,372.0,Ireland,0.0,242.0,0.0,12.0,0.0,20.0,0.0,432.0,-8.0,0.0,-190.0,0.0,-40.0,0.0,-43.98148148148148,0.0,2025-08-15,2.0,165,Ireland ranked 2 out of 165 countries in the Global Peace Index (2024).,10.0,181,Ireland ranked 10 out of 181 countries in the Corruption Perception Index (2024).,,,,, ,<ul><li>Ireland ranked 2 out of 165 countries in the Global Peace Index (2024).</li><li>Ireland ranked 10 out of 181 countries in the Corruption Perception Index (2024).</li></ul>
pax,Israel,67.0,ISR,666.0,376.0,ISR,2.0,All,https://www.peaceagreements.org/tracker/all,https://www.peaceagreements.org/agreements/search/?search_type=basic-search&countries=67&match_any_issues=True&name=&text=&signed_after=&signed_before=,36,2,"<ul><li>The most recent agreement signed in Israel was <a href=""https://www.peaceagreements.org/agreements/2663/"" target=""_blank"">Announcement of a Cessation of Hostilities and Related Commitments on Enhanced Security Arrangements and Towards the Implementation of UNSCR 1701 (2024-11-26)</a>, as part of the Israel-Lebanon peace process.</li><li>There has been a total of 36 agreements in Israel, since the first agreement was signed in 1991 (<a href=""https://www.peaceagreements.org/agreements/33/"" target=""_blank"">Letter of Invitation to Madrid Peace Conference (1991-10-30)</a>), in 2 peace processes (Israel-Palestine peace process, Israel-Lebanon peace process).</li></ul>",666.0,Israel,18463.0,3348.0,2401.0,441.0,1893.0,338.0,32931.0,2661.0,103.0,508.0,687.0,-14468.0,30.473372781065088,26.835710512414156,25.817361894024803,-43.93428684218518,2025-07-31,376.0,Israel,98.0,4142.0,0.0,273.0,12.0,277.0,1673.0,5072.0,-4.0,-12.0,-930.0,-1575.0,-1.444043321299639,-100.0,-18.33596214511041,-94.14225941422593,2025-08-15,155.0,165,Israel ranked 155 out of 165 countries in the Global Peace Index (2024).,30.0,181,Israel ranked 30 out of 181 countries in the Corruption Perception Index (2024).,,"In Israel there has been a total of 68,000 people displaced, with 743 new displacements in 2024 [<a href='https://data.humdata.org/dataset/idmc-internal-displacements-new-displacements-idps', target='_blank'>IDMC</a>].",,,"<ul><li>In Israel there has been a total of 68,000 people displaced, with 743 new displacements in 2024 [<a href='https://data.humdata.org/dataset/idmc-internal-displacements-new-displacements-idps', target='_blank'>IDMC</a>].</li></ul>","<ul><li>Israel ranked 155 out of 165 countries in the Global Peace Index (2024).</li><li>Israel ranked 30 out of 181 countries in the Corruption Perception Index (2024).</li><li>In Israel there has been a total of 68,000 people displaced, with 743 new displacements in 2024 [<a href='https://data.humdata.org/dataset/idmc-internal-displacements-new-displacements-idps', target='_blank'>IDMC</a>].</li></ul>"
pax,Japan,199.0,JPN,740.0,392.0,JPN,2.0,All,https://www.peaceagreements.org/tracker/all,https://www.peaceagreements.org/agreements/search/?search_type=basic-search&countries=199&match_any_issues=True&name=&text=&signed_after=&signed_before=,1,1,"<ul><li>The most recent agreement signed in Japan was <a href=""https://www.peaceagreements.org/agreements/2074/"" target=""_blank"">Text of Joint Statement (2005-09-29)</a>, as part of the North Korea - South Korea interstate process.</li><li>There has been a total of 1 agreement in Japan, since the first agreement was signed in 2005 (<a href=""https://www.peaceagreements.org/agreements/2074/"" target=""_blank"">Text of Joint Statement (2005-09-29)</a>), in 1 peace process (North Korea - South Korea interstate process).</li></ul>",,,,,,,,,,,,,,,,,,,,392.0,Japan,0.0,2025.0,0.0,165.0,0.0,397.0,0.0,1452.0,-232.0,0.0,573.0,0.0,-58.43828715365239,0.0,39.46280991735537,0.0,2025-08-15,17.0,165,Japan ranked 17 out of 165 countries in the Global Peace Index (2024).,20.0,181,Japan ranked 20 out of 181 countries in the Corruption Perception Index (2024).,,,,, ,<ul><li>Japan ranked 17 out of 165 countries in the Global Peace Index (2024).</li><li>Japan ranked 20 out of 181 countries in the Corruption Perception Index (2024).</li></ul>
pax,Jordan,68.0,JOR,663.0,400.0,JOR,2.0,All,https://www.peaceagreements.org/tracker/all,https://www.peaceagreements.org/agreements/search/?search_type=basic-search&countries=68&match_any_issues=True&name=&text=&signed_after=&signed_before=,4,1,"<ul><li>The most recent agreement signed in Jordan was <a href=""https://www.peaceagreements.org/agreements/360/"" target=""_blank"">Declaration of principles for co-operation
among the core parties on water-related matters and new and additional water
resources (1996-02-13)</a>, as part of the Israel-Palestine peace process.</li><li>There has been a total of 4 agreements in Jordan, since the first agreement was signed in 1993 (<a href=""https://www.peaceagreements.org/agreements/222/"" target=""_blank"">Agreed Common Agenda (1993-09-14)</a>), in 1 peace process (Israel-Palestine peace process).</li></ul>",,,,,,,,,,,,,,,,,,,,400.0,Jordan,2.0,162.0,2.0,5.0,0.0,14.0,6.0,455.0,-9.0,2.0,-293.0,-4.0,-64.28571428571429,0.0,-64.3956043956044,-66.66666666666666,2025-08-15,67.0,165,Jordan ranked 67 out of 165 countries in the Global Peace Index (2024).,59.0,181,Jordan ranked 59 out of 181 countries in the Corruption Perception Index (2024).,,,"There is 1 current crisis and severity category listed in the <a href=""https://www.acaps.org/en/thematics/all-topics/inform-severity-index"" target=""_blank"">INFORM Severity Index</a> for Jordan: International displacement from Syria to Jordan (Medium), as of 29/07/25.",,"<ul><li>There is 1 current crisis and severity category listed in the <a href=""https://www.acaps.org/en/thematics/all-topics/inform-severity-index"" target=""_blank"">INFORM Severity Index</a> for Jordan: International displacement from Syria to Jordan (Medium), as of 29/07/25.</li></ul>","<ul><li>Jordan ranked 67 out of 165 countries in the Global Peace Index (2024).</li><li>Jordan ranked 59 out of 181 countries in the Corruption Perception Index (2024).</li><li>There is 1 current crisis and severity category listed in the <a href=""https://www.acaps.org/en/thematics/all-topics/inform-severity-index"" target=""_blank"">INFORM Severity Index</a> for Jordan: International displacement from Syria to Jordan (Medium), as of 29/07/25.</li></ul>"
pax,Kazakhstan,69.0,KAZ,705.0,398.0,KZK,2.0,All,https://www.peaceagreements.org/tracker/all,https://www.peaceagreements.org/agreements/search/?search_type=basic-search&countries=69&match_any_issues=True&name=&text=&signed_after=&signed_before=,2,1,"<ul><li>The most recent agreement signed in Kazakhstan was <a href=""https://www.peaceagreements.org/agreements/1811/"" target=""_blank"">The agreement between the Russian Federation, Republic of Kazakhstan, and the People's Republic of China on determining the junction point of the international borders of the three states (1999-05-05)</a>, as part of the Russia-China-Central Asian borders interstate process.</li><li>There has been a total of 2 agreements in Kazakhstan, since the first agreement was signed in 1996 (<a href=""https://www.peaceagreements.org/agreements/531/"" target=""_blank"">Agreement between Russian Federation, Republic of Kazakstan, Kyrgyz Republic, Republic of Tajikistan and People's Republic of China on Confidence Building in the Military Field in the Border Area (1996-04-26)</a>), in 1 peace process (Russia-China-Central Asian borders interstate process).</li></ul>",,,,,,,,,,,,,,,,,,,,398.0,Kazakhstan,4.0,563.0,0.0,38.0,0.0,49.0,5.0,574.0,-11.0,0.0,-11.0,-1.0,-22.448979591836736,0.0,-1.9163763066202089,-20.0,2025-08-15,59.0,165,Kazakhstan ranked 59 out of 165 countries in the Global Peace Index (2024).,88.0,181,Kazakhstan ranked 88 out of 181 countries in the Corruption Perception Index (2024).,,"In Kazakhstan, there were no reported displacements in 2024 [<a href='https://data.humdata.org/dataset/idmc-internal-displacements-new-displacements-idps', target='_blank'>IDMC</a>].",,,"<ul><li>In Kazakhstan, there were no reported displacements in 2024 [<a href='https://data.humdata.org/dataset/idmc-internal-displacements-new-displacements-idps', target='_blank'>IDMC</a>].</li></ul>","<ul><li>Kazakhstan ranked 59 out of 165 countries in the Global Peace Index (2024).</li><li>Kazakhstan ranked 88 out of 181 countries in the Corruption Perception Index (2024).</li><li>In Kazakhstan, there were no reported displacements in 2024 [<a href='https://data.humdata.org/dataset/idmc-internal-displacements-new-displacements-idps', target='_blank'>IDMC</a>].</li></ul>"
pax,Kenya,70.0,KEN,501.0,404.0,KEN,2.0,All,https://www.peaceagreements.org/tracker/all,https://www.peaceagreements.org/agreements/search/?search_type=basic-search&countries=70&match_any_issues=True&name=&text=&signed_after=&signed_before=,33,4,"<ul><li>The most recent agreement signed in Kenya was <a href=""https://www.peaceagreements.org/agreements/2316/"" target=""_blank"">Resolutions of the Conflict Mitigation Strategy between Elders from Garissa (Lagdera Sub-County) and Isiolo (Garbatulla Sub-County) Counties attended by National Government Officials together with Building Bridges Initiative at Sportsman’s Arms Hotel, Nanyuki (2019-04-01)</a>, as part of the Kenya peace process.</li><li>There has been a total of 33 agreements in Kenya, since the first agreement was signed in 1993 (<a href=""https://www.peaceagreements.org/agreements/1916/"" target=""_blank"">Al-Fatah Peace Declaration (1993-09-29)</a>), in 4 peace processes (Kenya Local Agreements, Kenya peace process, Kenya-Ethiopia local cross-border talks, African Great Lakes: Regional Process).</li></ul>",501.0,Kenya,91.0,25.0,3.0,3.0,10.0,5.0,154.0,38.0,-2.0,-7.0,-13.0,-63.0,-40.0,-70.0,-34.21052631578947,-40.909090909090914,2025-07-31,404.0,Kenya,910.0,3480.0,61.0,238.0,171.0,431.0,823.0,2818.0,-193.0,-110.0,662.0,87.0,-44.779582366589324,-64.32748538011695,23.491838183108587,10.571081409477522,2025-08-15,122.0,165,Kenya ranked 122 out of 165 countries in the Global Peace Index (2024).,121.0,181,Kenya ranked 121 out of 181 countries in the Corruption Perception Index (2024).,"In the current period of analysis (Feb 2025) by the <a href='https://data.humdata.org/dataset/global-acute-food-insecurity-country-data', target='_blank'>IPC</a>, 13% of the population of Kenya are in IPC Phase 3+ (in food crisis), an estimated 2150600 people. 2% (265900 people) are estimated to be in Phase 4 (emergency).","In Kenya there has been a total of 99,950 people displaced, with 38,079 new displacements in 2024 [<a href='https://data.humdata.org/dataset/idmc-internal-displacements-new-displacements-idps', target='_blank'>IDMC</a>].","There are 3 current crises and severity categories listed in the <a href=""https://www.acaps.org/en/thematics/all-topics/inform-severity-index"" target=""_blank"">INFORM Severity Index</a> for Kenya: Drought in ASAL areas of Kenya (High), International displacement to Kenya (Medium), Multiple crises in Kenya (High), as of 28/07/25.",,"<ul><li>In the current period of analysis (Feb 2025) by the <a href='https://data.humdata.org/dataset/global-acute-food-insecurity-country-data', target='_blank'>IPC</a>, 13% of the population of Kenya are in IPC Phase 3+ (in food crisis), an estimated 2150600 people. 2% (265900 people) are estimated to be in Phase 4 (emergency).</li><li>In Kenya there has been a total of 99,950 people displaced, with 38,079 new displacements in 2024 [<a href='https://data.humdata.org/dataset/idmc-internal-displacements-new-displacements-idps', target='_blank'>IDMC</a>].</li><li>There are 3 current crises and severity categories listed in the <a href=""https://www.acaps.org/en/thematics/all-topics/inform-severity-index"" target=""_blank"">INFORM Severity Index</a> for Kenya: Drought in ASAL areas of Kenya (High), International displacement to Kenya (Medium), Multiple crises in Kenya (High), as of 28/07/25.</li></ul>","<ul><li>Kenya ranked 122 out of 165 countries in the Global Peace Index (2024).</li><li>Kenya ranked 121 out of 181 countries in the Corruption Perception Index (2024).</li><li>In the current period of analysis (Feb 2025) by the <a href='https://data.humdata.org/dataset/global-acute-food-insecurity-country-data', target='_blank'>IPC</a>, 13% of the population of Kenya are in IPC Phase 3+ (in food crisis), an estimated 2150600 people. 2% (265900 people) are estimated to be in Phase 4 (emergency).</li><li>In Kenya there has been a total of 99,950 people displaced, with 38,079 new displacements in 2024 [<a href='https://data.humdata.org/dataset/idmc-internal-displacements-new-displacements-idps', target='_blank'>IDMC</a>].</li><li>There are 3 current crises and severity categories listed in the <a href=""https://www.acaps.org/en/thematics/all-topics/inform-severity-index"" target=""_blank"">INFORM Severity Index</a> for Kenya: Drought in ASAL areas of Kenya (High), International displacement to Kenya (Medium), Multiple crises in Kenya (High), as of 28/07/25.</li></ul>"
pax,Kuwait,72.0,KWT,690.0,414.0,KUW,2.0,All,https://www.peaceagreements.org/tracker/all,https://www.peaceagreements.org/agreements/search/?search_type=basic-search&countries=72&match_any_issues=True&name=&text=&signed_after=&signed_before=,1,1,"<ul><li>The most recent agreement signed in Kuwait was <a href=""https://www.peaceagreements.org/agreements/538/"" target=""_blank"">UN Security Council Resolution 687 (1991-04-03)</a>, as part of the Iraq peace process - first Iraq war.</li><li>There has been a total of 1 agreement in Kuwait, since the first agreement was signed in 1991 (<a href=""https://www.peaceagreements.org/agreements/538/"" target=""_blank"">UN Security Council Resolution 687 (1991-04-03)</a>), in 1 peace process (Iraq peace process - first Iraq war).</li></ul>",,,,,,,,,,,,,,,,,,,,,,,,,,,,,,,,,,,,,,,25.0,165,Kuwait ranked 25 out of 165 countries in the Global Peace Index (2024).,65.0,181,Kuwait ranked 65 out of 181 countries in the Corruption Perception Index (2024).,,,,, ,<ul><li>Kuwait ranked 25 out of 165 countries in the Global Peace Index (2024).</li><li>Kuwait ranked 65 out of 181 countries in the Corruption Perception Index (2024).</li></ul>
pax,Kyrgyzstan,73.0,KGZ,703.0,417.0,KYR,2.0,All,https://www.peaceagreements.org/tracker/all,https://www.peaceagreements.org/agreements/search/?search_type=basic-search&countries=73&match_any_issues=True&name=&text=&signed_after=&signed_before=,3,2,"<ul><li>The most recent agreement signed in Kyrgyzstan was <a href=""https://www.peaceagreements.org/agreements/2392/"" target=""_blank"">Joint Statement (2021-06-29)</a>, as part of the Kyrgyzstan–Tajikistan Border Process.</li><li>There has been a total of 3 agreements in Kyrgyzstan, since the first agreement was signed in 1996 (<a href=""https://www.peaceagreements.org/agreements/531/"" target=""_blank"">Agreement between Russian Federation, Republic of Kazakstan, Kyrgyz Republic, Republic of Tajikistan and People's Republic of China on Confidence Building in the Military Field in the Border Area (1996-04-26)</a>), in 2 peace processes (Kyrgyzstan–Tajikistan Border Process, Russia-China-Central Asian borders interstate process).</li></ul>",,,,,,,,,,,,,,,,,,,,417.0,Kyrgyzstan,3.0,156.0,1.0,20.0,0.0,13.0,3.0,185.0,7.0,1.0,-29.0,0.0,53.84615384615385,0.0,-15.675675675675677,0.0,2025-08-15,78.0,165,Kyrgyz Republic ranked 78 out of 165 countries in the Global Peace Index (2024).,146.0,181,Kyrgyzstan ranked 146 out of 181 countries in the Corruption Perception Index (2024).,,"In Kyrgyzstan, there were no reported displacements in 2024 [<a href='https://data.humdata.org/dataset/idmc-internal-displacements-new-displacements-idps', target='_blank'>IDMC</a>].",,,"<ul><li>In Kyrgyzstan, there were no reported displacements in 2024 [<a href='https://data.humdata.org/dataset/idmc-internal-displacements-new-displacements-idps', target='_blank'>IDMC</a>].</li></ul>","<ul><li>Kyrgyz Republic ranked 78 out of 165 countries in the Global Peace Index (2024).</li><li>Kyrgyzstan ranked 146 out of 181 countries in the Corruption Perception Index (2024).</li><li>In Kyrgyzstan, there were no reported displacements in 2024 [<a href='https://data.humdata.org/dataset/idmc-internal-displacements-new-displacements-idps', target='_blank'>IDMC</a>].</li></ul>"
pax,Lebanon,74.0,LBN,660.0,422.0,LEB,2.0,All,https://www.peaceagreements.org/tracker/all,https://www.peaceagreements.org/agreements/search/?search_type=basic-search&countries=74&match_any_issues=True&name=&text=&signed_after=&signed_before=,9,4,"<ul><li>The most recent agreement signed in Lebanon was <a href=""https://www.peaceagreements.org/agreements/2663/"" target=""_blank"">Announcement of a Cessation of Hostilities and Related Commitments on Enhanced Security Arrangements and Towards the Implementation of UNSCR 1701 (2024-11-26)</a>, as part of the Israel-Lebanon peace process.</li><li>There has been a total of 9 agreements in Lebanon, since the first agreement was signed in 1991 (<a href=""https://www.peaceagreements.org/agreements/1018/"" target=""_blank"">Treaty for Brotherhood, Cooperation and Coordination (1991-05-22)</a>), in 4 peace processes (Lebanon-Syria conflict resolution process, Lebanon peace process, Syrian Local Agreements, Israel-Lebanon peace process).</li></ul>",660.0,Lebanon,4106.0,1057.0,34.0,20.0,23.0,18.0,487.0,205.0,2.0,11.0,852.0,3619.0,11.11111111111111,47.82608695652174,415.609756097561,743.1211498973306,2025-07-31,422.0,Lebanon,3657.0,11000.0,48.0,314.0,47.0,300.0,697.0,8129.0,14.0,1.0,2871.0,2960.0,4.666666666666667,2.127659574468085,35.317997293640055,424.6771879483501,2025-08-15,134.0,165,Lebanon ranked 134 out of 165 countries in the Global Peace Index (2024).,154.0,181,Lebanon ranked 154 out of 181 countries in the Corruption Perception Index (2024).,"In the current period of analysis (Mar 2025) by the <a href='https://data.humdata.org/dataset/global-acute-food-insecurity-country-data', target='_blank'>IPC</a>, 21% of the population of Lebanon are in IPC Phase 3+ (in food crisis), an estimated 1172387 people. 1% (54694 people) are estimated to be in Phase 4 (emergency).","In Lebanon there has been a total of 984,514 people displaced, with 1,055,662 new displacements in 2024 [<a href='https://data.humdata.org/dataset/idmc-internal-displacements-new-displacements-idps', target='_blank'>IDMC</a>].","There are 2 current crises and severity categories listed in the <a href=""https://www.acaps.org/en/thematics/all-topics/inform-severity-index"" target=""_blank"">INFORM Severity Index</a> for Lebanon: Complex crisis in Lebanon (High), International displacement from Syria to Lebanon (High), as of 21/07/25.",,"<ul><li>In the current period of analysis (Mar 2025) by the <a href='https://data.humdata.org/dataset/global-acute-food-insecurity-country-data', target='_blank'>IPC</a>, 21% of the population of Lebanon are in IPC Phase 3+ (in food crisis), an estimated 1172387 people. 1% (54694 people) are estimated to be in Phase 4 (emergency).</li><li>In Lebanon there has been a total of 984,514 people displaced, with 1,055,662 new displacements in 2024 [<a href='https://data.humdata.org/dataset/idmc-internal-displacements-new-displacements-idps', target='_blank'>IDMC</a>].</li><li>There are 2 current crises and severity categories listed in the <a href=""https://www.acaps.org/en/thematics/all-topics/inform-severity-index"" target=""_blank"">INFORM Severity Index</a> for Lebanon: Complex crisis in Lebanon (High), International displacement from Syria to Lebanon (High), as of 21/07/25.</li></ul>","<ul><li>Lebanon ranked 134 out of 165 countries in the Global Peace Index (2024).</li><li>Lebanon ranked 154 out of 181 countries in the Corruption Perception Index (2024).</li><li>In the current period of analysis (Mar 2025) by the <a href='https://data.humdata.org/dataset/global-acute-food-insecurity-country-data', target='_blank'>IPC</a>, 21% of the population of Lebanon are in IPC Phase 3+ (in food crisis), an estimated 1172387 people. 1% (54694 people) are estimated to be in Phase 4 (emergency).</li><li>In Lebanon there has been a total of 984,514 people displaced, with 1,055,662 new displacements in 2024 [<a href='https://data.humdata.org/dataset/idmc-internal-displacements-new-displacements-idps', target='_blank'>IDMC</a>].</li><li>There are 2 current crises and severity categories listed in the <a href=""https://www.acaps.org/en/thematics/all-topics/inform-severity-index"" target=""_blank"">INFORM Severity Index</a> for Lebanon: Complex crisis in Lebanon (High), International displacement from Syria to Lebanon (High), as of 21/07/25.</li></ul>"
pax,Lesotho,75.0,LSO,570.0,426.0,LES,2.0,All,https://www.peaceagreements.org/tracker/all,https://www.peaceagreements.org/agreements/search/?search_type=basic-search&countries=75&match_any_issues=True&name=&text=&signed_after=&signed_before=,5,1,"<ul><li>The most recent agreement signed in Lesotho was <a href=""https://www.peaceagreements.org/agreements/1661/"" target=""_blank"">The Electoral Pledge (2014-12-11)</a>, as part of the Lesotho process.</li><li>There has been a total of 5 agreements in Lesotho, since the first agreement was signed in 1999 (<a href=""https://www.peaceagreements.org/agreements/1042/"" target=""_blank"">Memorandum of Agreement between the Government of Lesotho and the Interim Political Authority (IPA) (1999-12-03)</a>), in 1 peace process (Lesotho process).</li></ul>",,,,,,,,,,,,,,,,,,,,426.0,Lesotho,2.0,8.0,0.0,0.0,0.0,2.0,5.0,17.0,0.0,0.0,-9.0,-3.0,0.0,0.0,-52.94117647058824,-60.0,2025-08-15,125.0,165,Lesotho ranked 125 out of 165 countries in the Global Peace Index (2024).,99.0,181,Lesotho ranked 99 out of 181 countries in the Corruption Perception Index (2024).,"In the current period of analysis (May 2024) by the <a href='https://data.humdata.org/dataset/global-acute-food-insecurity-country-data', target='_blank'>IPC</a>, 19% of the population of Lesotho are in IPC Phase 3+ (in food crisis), an estimated 292866 people.",,"There is 1 current crisis and severity category listed in the <a href=""https://www.acaps.org/en/thematics/all-topics/inform-severity-index"" target=""_blank"">INFORM Severity Index</a> for Lesotho: Drought in Lesotho (Medium), as of 29/07/25.",,"<ul><li>In the current period of analysis (May 2024) by the <a href='https://data.humdata.org/dataset/global-acute-food-insecurity-country-data', target='_blank'>IPC</a>, 19% of the population of Lesotho are in IPC Phase 3+ (in food crisis), an estimated 292866 people.</li><li>There is 1 current crisis and severity category listed in the <a href=""https://www.acaps.org/en/thematics/all-topics/inform-severity-index"" target=""_blank"">INFORM Severity Index</a> for Lesotho: Drought in Lesotho (Medium), as of 29/07/25.</li></ul>","<ul><li>Lesotho ranked 125 out of 165 countries in the Global Peace Index (2024).</li><li>Lesotho ranked 99 out of 181 countries in the Corruption Perception Index (2024).</li><li>In the current period of analysis (May 2024) by the <a href='https://data.humdata.org/dataset/global-acute-food-insecurity-country-data', target='_blank'>IPC</a>, 19% of the population of Lesotho are in IPC Phase 3+ (in food crisis), an estimated 292866 people.</li><li>There is 1 current crisis and severity category listed in the <a href=""https://www.acaps.org/en/thematics/all-topics/inform-severity-index"" target=""_blank"">INFORM Severity Index</a> for Lesotho: Drought in Lesotho (Medium), as of 29/07/25.</li></ul>"
pax,Liberia,76.0,LBR,450.0,430.0,LBR,2.0,All,https://www.peaceagreements.org/tracker/all,https://www.peaceagreements.org/agreements/search/?search_type=basic-search&countries=76&match_any_issues=True&name=&text=&signed_after=&signed_before=,30,1,"<ul><li>The most recent agreement signed in Liberia was <a href=""https://www.peaceagreements.org/agreements/338/"" target=""_blank"">Peace Agreement between the Government of Liberia, the Liberians United for Reconciliation and Democracy (LURD), the Movement of Democracy in Liberia (MODEL) and the Political Parties (Accra Agreement) (2003-08-18)</a>, as part of the Liberia peace process.</li><li>There has been a total of 30 agreements in Liberia, since the first agreement was signed in 1990 (<a href=""https://www.peaceagreements.org/agreements/1305/"" target=""_blank"">Decision A/DEC.1/8/90 on the Ceasefire and Establishment of an ECOWAS Ceasefire Monitoring Group for Liberia (ECOWAS Peace Plan) (1990-08-07)</a>), in 1 peace process (Liberia peace process).</li></ul>",,,,,,,,,,,,,,,,,,,,430.0,Liberia,11.0,86.0,2.0,12.0,3.0,7.0,10.0,35.0,5.0,-1.0,51.0,1.0,71.42857142857143,-33.33333333333333,145.7142857142857,10.0,2025-08-15,69.0,165,Liberia ranked 69 out of 165 countries in the Global Peace Index (2024).,135.0,181,Liberia ranked 135 out of 181 countries in the Corruption Perception Index (2024).,"In the current period of analysis (Oct 2022) by the <a href='https://data.humdata.org/dataset/global-acute-food-insecurity-country-data', target='_blank'>IPC</a>, 8% of the population of Liberia are in IPC Phase 3+ (in food crisis), an estimated 373230 people. 0% (7483 people) are estimated to be in Phase 4 (emergency).",,,,"<ul><li>In the current period of analysis (Oct 2022) by the <a href='https://data.humdata.org/dataset/global-acute-food-insecurity-country-data', target='_blank'>IPC</a>, 8% of the population of Liberia are in IPC Phase 3+ (in food crisis), an estimated 373230 people. 0% (7483 people) are estimated to be in Phase 4 (emergency).</li></ul>","<ul><li>Liberia ranked 69 out of 165 countries in the Global Peace Index (2024).</li><li>Liberia ranked 135 out of 181 countries in the Corruption Perception Index (2024).</li><li>In the current period of analysis (Oct 2022) by the <a href='https://data.humdata.org/dataset/global-acute-food-insecurity-country-data', target='_blank'>IPC</a>, 8% of the population of Liberia are in IPC Phase 3+ (in food crisis), an estimated 373230 people. 0% (7483 people) are estimated to be in Phase 4 (emergency).</li></ul>"
pax,Libya,77.0,LBY,620.0,434.0,LIB,1.0,Libya,https://www.peaceagreements.org/tracker/libya,https://www.peaceagreements.org/agreements/search/?search_type=basic-search&countries=77&match_any_issues=True&name=&text=&signed_after=&signed_before=,51,4,"<ul><li>The most recent agreement signed in Libya was <a href=""https://www.peaceagreements.org/agreements/2540/"" target=""_blank"">STATEMENT BY THE 5+5 JOINT MILITARY COMMISSION (JMC) MEETING WITH MILITARY AND SECURITY LEADERS IN BENGHAZI (2023-04-07)</a>, as part of the Libyan peace process.</li><li>There has been a total of 51 agreements in Libya, since the first agreement was signed in 1994 (<a href=""https://www.peaceagreements.org/agreements/237/"" target=""_blank"">Agreement between the Great Socialist People's Libyan Arab Jamahariya and the Rep of Chad concerning the practical modalitities for the implementation of the Judgment delivered by the International Court of Justice on 3 February 1994 (1994-04-04)</a>), in 4 peace processes (Libyan transitional process, Libyan local processes, Libyan peace process, Chad-Libya border peace process).</li></ul>",,,,,,,,,,,,,,,,,,,,434.0,Libya,273.0,809.0,14.0,79.0,19.0,97.0,115.0,428.0,-18.0,-5.0,381.0,158.0,-18.556701030927837,-26.31578947368421,89.01869158878505,137.3913043478261,2025-08-15,128.0,165,Libya ranked 128 out of 165 countries in the Global Peace Index (2024).,173.0,181,Libya ranked 173 out of 181 countries in the Corruption Perception Index (2024).,,"In Libya there has been a total of 107,203 people displaced, with 336 new displacements in 2024 [<a href='https://data.humdata.org/dataset/idmc-internal-displacements-new-displacements-idps', target='_blank'>IDMC</a>].","There are 5 current crises and severity categories listed in the <a href=""https://www.acaps.org/en/thematics/all-topics/inform-severity-index"" target=""_blank"">INFORM Severity Index</a> for Libya: Complex crisis in Libya (High), Displacement from Sudan to Libya (Medium), International displacement to Libya (High), Multiple crises in Libya (High), Storm Daniel and floods in Libya (Medium), as of 24/07/25.","Libya is one of 12 focus countries in the UK's WPS <a href='https://assets.publishing.service.gov.uk/government/uploads/system/uploads/attachment_data/file/1156085/uk-women-peace-security-national-action-plan-2023-2027.pdf', target='_blank'>National Action Plan</a> for 2023-2027. ","<ul><li>In Libya there has been a total of 107,203 people displaced, with 336 new displacements in 2024 [<a href='https://data.humdata.org/dataset/idmc-internal-displacements-new-displacements-idps', target='_blank'>IDMC</a>].</li><li>There are 5 current crises and severity categories listed in the <a href=""https://www.acaps.org/en/thematics/all-topics/inform-severity-index"" target=""_blank"">INFORM Severity Index</a> for Libya: Complex crisis in Libya (High), Displacement from Sudan to Libya (Medium), International displacement to Libya (High), Multiple crises in Libya (High), Storm Daniel and floods in Libya (Medium), as of 24/07/25.</li><li>Libya is one of 12 focus countries in the UK's WPS <a href='https://assets.publishing.service.gov.uk/government/uploads/system/uploads/attachment_data/file/1156085/uk-women-peace-security-national-action-plan-2023-2027.pdf', target='_blank'>National Action Plan</a> for 2023-2027.</li></ul>","<ul><li>Libya ranked 128 out of 165 countries in the Global Peace Index (2024).</li><li>Libya ranked 173 out of 181 countries in the Corruption Perception Index (2024).</li><li>In Libya there has been a total of 107,203 people displaced, with 336 new displacements in 2024 [<a href='https://data.humdata.org/dataset/idmc-internal-displacements-new-displacements-idps', target='_blank'>IDMC</a>].</li><li>There are 5 current crises and severity categories listed in the <a href=""https://www.acaps.org/en/thematics/all-topics/inform-severity-index"" target=""_blank"">INFORM Severity Index</a> for Libya: Complex crisis in Libya (High), Displacement from Sudan to Libya (Medium), International displacement to Libya (High), Multiple crises in Libya (High), Storm Daniel and floods in Libya (Medium), as of 24/07/25.</li><li>Libya is one of 12 focus countries in the UK's WPS <a href='https://assets.publishing.service.gov.uk/government/uploads/system/uploads/attachment_data/file/1156085/uk-women-peace-security-national-action-plan-2023-2027.pdf', target='_blank'>National Action Plan</a> for 2023-2027.</li></ul>"
pax,Macedonia,78.0,MKD,343.0,807.0,MAC,2.0,All,https://www.peaceagreements.org/tracker/all,https://www.peaceagreements.org/agreements/search/?search_type=basic-search&countries=78&match_any_issues=True&name=&text=&signed_after=&signed_before=,1,1,"<ul><li>The most recent agreement signed in Macedonia was <a href=""https://www.peaceagreements.org/agreements/381/"" target=""_blank"">Framework Agreement (The Ohrid Agreement) (2001-08-13)</a>, as part of the Macedonia peace process.</li><li>There has been a total of 1 agreement in Macedonia, since the first agreement was signed in 2001 (<a href=""https://www.peaceagreements.org/agreements/381/"" target=""_blank"">Framework Agreement (The Ohrid Agreement) (2001-08-13)</a>), in 1 peace process (Macedonia peace process).</li></ul>",,,,,,,,,,,,,,,,,,,,807.0,North Macedonia,0.0,161.0,0.0,4.0,0.0,12.0,0.0,134.0,-8.0,0.0,27.0,0.0,-66.66666666666666,0.0,20.149253731343283,0.0,2025-08-15,38.0,165,North Macedonia ranked 38 out of 165 countries in the Global Peace Index (2024).,88.0,181,North Macedonia ranked 88 out of 181 countries in the Corruption Perception Index (2024).,,"In North Macedonia, there were no reported displacements in 2024 [<a href='https://data.humdata.org/dataset/idmc-internal-displacements-new-displacements-idps', target='_blank'>IDMC</a>].",,,"<ul><li>In North Macedonia, there were no reported displacements in 2024 [<a href='https://data.humdata.org/dataset/idmc-internal-displacements-new-displacements-idps', target='_blank'>IDMC</a>].</li></ul>","<ul><li>North Macedonia ranked 38 out of 165 countries in the Global Peace Index (2024).</li><li>North Macedonia ranked 88 out of 181 countries in the Corruption Perception Index (2024).</li><li>In North Macedonia, there were no reported displacements in 2024 [<a href='https://data.humdata.org/dataset/idmc-internal-displacements-new-displacements-idps', target='_blank'>IDMC</a>].</li></ul>"
pax,Madagascar,79.0,MDG,580.0,450.0,MAG,2.0,All,https://www.peaceagreements.org/tracker/all,https://www.peaceagreements.org/agreements/search/?search_type=basic-search&countries=79&match_any_issues=True&name=&text=&signed_after=&signed_before=,11,1,"<ul><li>The most recent agreement signed in Madagascar was <a href=""https://www.peaceagreements.org/agreements/768/"" target=""_blank"">Roadmap for Ending the Crisis in Madagascar - Commitments by Malagasy Political Stakeholders (2011-09-13)</a>, as part of the Madagascar peace process.</li><li>There has been a total of 11 agreements in Madagascar, since the first agreement was signed in 2002 (<a href=""https://www.peaceagreements.org/agreements/2048/"" target=""_blank"">Accord (Dakar I) (2002-04-18)</a>), in 1 peace process (Madagascar peace process).</li></ul>",,,,,,,,,,,,,,,,,,,,450.0,Madagascar,352.0,553.0,5.0,20.0,23.0,44.0,525.0,824.0,-24.0,-18.0,-271.0,-173.0,-54.54545454545454,-78.26086956521739,-32.88834951456311,-32.95238095238095,2025-08-15,44.0,165,Madagascar ranked 44 out of 165 countries in the Global Peace Index (2024).,140.0,181,Madagascar ranked 140 out of 181 countries in the Corruption Perception Index (2024).,"In the current period of analysis (Dec 2024) by the <a href='https://data.humdata.org/dataset/global-acute-food-insecurity-country-data', target='_blank'>IPC</a>, 15% of the population of Madagascar are in IPC Phase 3+ (in food crisis), an estimated 1628408 people. 0% (48266 people) are estimated to be in Phase 4 (emergency).","In Madagascar there has been a total of 182 people displaced, with 182 new displacements in 2024 [<a href='https://data.humdata.org/dataset/idmc-internal-displacements-new-displacements-idps', target='_blank'>IDMC</a>].","There are 3 current crises and severity categories listed in the <a href=""https://www.acaps.org/en/thematics/all-topics/inform-severity-index"" target=""_blank"">INFORM Severity Index</a> for Madagascar: Cyclone Gamane in Madagascar (Medium), Drought in Southern Madagascar (Medium), Multiple crisis in Madagascar (Medium), as of 28/07/25.",,"<ul><li>In the current period of analysis (Dec 2024) by the <a href='https://data.humdata.org/dataset/global-acute-food-insecurity-country-data', target='_blank'>IPC</a>, 15% of the population of Madagascar are in IPC Phase 3+ (in food crisis), an estimated 1628408 people. 0% (48266 people) are estimated to be in Phase 4 (emergency).</li><li>In Madagascar there has been a total of 182 people displaced, with 182 new displacements in 2024 [<a href='https://data.humdata.org/dataset/idmc-internal-displacements-new-displacements-idps', target='_blank'>IDMC</a>].</li><li>There are 3 current crises and severity categories listed in the <a href=""https://www.acaps.org/en/thematics/all-topics/inform-severity-index"" target=""_blank"">INFORM Severity Index</a> for Madagascar: Cyclone Gamane in Madagascar (Medium), Drought in Southern Madagascar (Medium), Multiple crisis in Madagascar (Medium), as of 28/07/25.</li></ul>","<ul><li>Madagascar ranked 44 out of 165 countries in the Global Peace Index (2024).</li><li>Madagascar ranked 140 out of 181 countries in the Corruption Perception Index (2024).</li><li>In the current period of analysis (Dec 2024) by the <a href='https://data.humdata.org/dataset/global-acute-food-insecurity-country-data', target='_blank'>IPC</a>, 15% of the population of Madagascar are in IPC Phase 3+ (in food crisis), an estimated 1628408 people. 0% (48266 people) are estimated to be in Phase 4 (emergency).</li><li>In Madagascar there has been a total of 182 people displaced, with 182 new displacements in 2024 [<a href='https://data.humdata.org/dataset/idmc-internal-displacements-new-displacements-idps', target='_blank'>IDMC</a>].</li><li>There are 3 current crises and severity categories listed in the <a href=""https://www.acaps.org/en/thematics/all-topics/inform-severity-index"" target=""_blank"">INFORM Severity Index</a> for Madagascar: Cyclone Gamane in Madagascar (Medium), Drought in Southern Madagascar (Medium), Multiple crisis in Madagascar (Medium), as of 28/07/25.</li></ul>"
pax,Mali,82.0,MLI,432.0,466.0,MLI,2.0,All,https://www.peaceagreements.org/tracker/all,https://www.peaceagreements.org/agreements/search/?search_type=basic-search&countries=82&match_any_issues=True&name=&text=&signed_after=&signed_before=,43,3,"<ul><li>The most recent agreement signed in Mali was <a href=""https://www.peaceagreements.org/agreements/2696/"" target=""_blank"">Pacte d’Honneur pour l’Unite du Peuple de Azawad (2024-11-30)</a>, as part of the Mali-Azawad Inter-Azawad peace process.</li><li>There has been a total of 43 agreements in Mali, since the first agreement was signed in 1991 (<a href=""https://www.peaceagreements.org/agreements/206/"" target=""_blank"">Accord sur la cessation des hostilities entre le Gouvernement de la Republique du Mali d'une part, et le Mouvement Populaire de l'Azaouad et le Front Islamique Arabe d'autre part (Accords de Tamanrasset) (1991-01-06)</a>), in 3 peace processes (Mali-Azawad Inter-Azawad peace process, Mali Local Processes, Mali - Niger: local agreements in border areas).</li></ul>",432.0,Mali,1900.0,546.0,187.0,58.0,383.0,70.0,2333.0,419.0,-12.0,-196.0,127.0,-433.0,-17.142857142857142,-51.174934725848566,30.310262529832936,-18.55979425632233,2025-07-31,466.0,Mali,3905.0,1956.0,179.0,137.0,326.0,169.0,4788.0,2149.0,-32.0,-147.0,-193.0,-883.0,-18.93491124260355,-45.0920245398773,-8.980921358771523,-18.441938178780283,2025-08-15,154.0,165,Mali ranked 154 out of 165 countries in the Global Peace Index (2024).,135.0,181,Mali ranked 135 out of 181 countries in the Corruption Perception Index (2024).,"In the current period of analysis (Mar 2025) by the <a href='https://data.humdata.org/dataset/global-acute-food-insecurity-country-data', target='_blank'>IPC</a>, 0% of the population of Mali are in IPC Phase 3+ (in food crisis), an estimated 0 people.","In Mali there has been a total of 360,591 people displaced, with 130,600 new displacements in 2024 [<a href='https://data.humdata.org/dataset/idmc-internal-displacements-new-displacements-idps', target='_blank'>IDMC</a>].","There is 1 current crisis and severity category listed in the <a href=""https://www.acaps.org/en/thematics/all-topics/inform-severity-index"" target=""_blank"">INFORM Severity Index</a> for Mali: Complex crisis in Mali (Very High), as of 29/07/25.",,"<ul><li>In the current period of analysis (Mar 2025) by the <a href='https://data.humdata.org/dataset/global-acute-food-insecurity-country-data', target='_blank'>IPC</a>, 0% of the population of Mali are in IPC Phase 3+ (in food crisis), an estimated 0 people.</li><li>In Mali there has been a total of 360,591 people displaced, with 130,600 new displacements in 2024 [<a href='https://data.humdata.org/dataset/idmc-internal-displacements-new-displacements-idps', target='_blank'>IDMC</a>].</li><li>There is 1 current crisis and severity category listed in the <a href=""https://www.acaps.org/en/thematics/all-topics/inform-severity-index"" target=""_blank"">INFORM Severity Index</a> for Mali: Complex crisis in Mali (Very High), as of 29/07/25.</li></ul>","<ul><li>Mali ranked 154 out of 165 countries in the Global Peace Index (2024).</li><li>Mali ranked 135 out of 181 countries in the Corruption Perception Index (2024).</li><li>In the current period of analysis (Mar 2025) by the <a href='https://data.humdata.org/dataset/global-acute-food-insecurity-country-data', target='_blank'>IPC</a>, 0% of the population of Mali are in IPC Phase 3+ (in food crisis), an estimated 0 people.</li><li>In Mali there has been a total of 360,591 people displaced, with 130,600 new displacements in 2024 [<a href='https://data.humdata.org/dataset/idmc-internal-displacements-new-displacements-idps', target='_blank'>IDMC</a>].</li><li>There is 1 current crisis and severity category listed in the <a href=""https://www.acaps.org/en/thematics/all-topics/inform-severity-index"" target=""_blank"">INFORM Severity Index</a> for Mali: Complex crisis in Mali (Very High), as of 29/07/25.</li></ul>"
pax,Mexico,84.0,MEX,70.0,484.0,MEX,2.0,All,https://www.peaceagreements.org/tracker/all,https://www.peaceagreements.org/agreements/search/?search_type=basic-search&countries=84&match_any_issues=True&name=&text=&signed_after=&signed_before=,6,1,"<ul><li>The most recent agreement signed in Mexico was <a href=""https://www.peaceagreements.org/agreements/214/"" target=""_blank"">Actions and Measures for Chiapas Joint Commitments and Proposals from the State and Federal Governments, and the EZLN (1996-02-16)</a>, as part of the Mexico-Chiapas peace process.</li><li>There has been a total of 6 agreements in Mexico, since the first agreement was signed in 1995 (<a href=""https://www.peaceagreements.org/agreements/523/"" target=""_blank"">Protocole sur les principes de négociation en vue d’un accord de paix conclu par le
Gouvernement et l’EZLN (Ejército zapatista de liberación nacional) (1995-09-11)</a>), in 1 peace process (Mexico-Chiapas peace process).</li></ul>",70.0,Mexico,3094.0,2454.0,230.0,204.0,249.0,197.0,7822.0,2485.0,7.0,-19.0,-31.0,-4728.0,3.5532994923857872,-7.630522088353414,-1.2474849094567404,-60.444899002812576,2025-07-31,484.0,Mexico,8628.0,16966.0,694.0,1278.0,746.0,1385.0,7423.0,12655.0,-107.0,-52.0,4311.0,1205.0,-7.725631768953069,-6.970509383378016,34.065586724614775,16.233328842785934,2025-08-15,138.0,165,Mexico ranked 138 out of 165 countries in the Global Peace Index (2024).,140.0,181,Mexico ranked 140 out of 181 countries in the Corruption Perception Index (2024).,,"In Mexico there has been a total of 390,250 people displaced, with 25,543 new displacements in 2024 [<a href='https://data.humdata.org/dataset/idmc-internal-displacements-new-displacements-idps', target='_blank'>IDMC</a>].","There are 3 current crises and severity categories listed in the <a href=""https://www.acaps.org/en/thematics/all-topics/inform-severity-index"" target=""_blank"">INFORM Severity Index</a> for Mexico: Criminal Violence in Mexico (None), International Displacement to Mexico (Medium), Multiple crisis in Mexico (High), as of 29/07/25.",,"<ul><li>In Mexico there has been a total of 390,250 people displaced, with 25,543 new displacements in 2024 [<a href='https://data.humdata.org/dataset/idmc-internal-displacements-new-displacements-idps', target='_blank'>IDMC</a>].</li><li>There are 3 current crises and severity categories listed in the <a href=""https://www.acaps.org/en/thematics/all-topics/inform-severity-index"" target=""_blank"">INFORM Severity Index</a> for Mexico: Criminal Violence in Mexico (None), International Displacement to Mexico (Medium), Multiple crisis in Mexico (High), as of 29/07/25.</li></ul>","<ul><li>Mexico ranked 138 out of 165 countries in the Global Peace Index (2024).</li><li>Mexico ranked 140 out of 181 countries in the Corruption Perception Index (2024).</li><li>In Mexico there has been a total of 390,250 people displaced, with 25,543 new displacements in 2024 [<a href='https://data.humdata.org/dataset/idmc-internal-displacements-new-displacements-idps', target='_blank'>IDMC</a>].</li><li>There are 3 current crises and severity categories listed in the <a href=""https://www.acaps.org/en/thematics/all-topics/inform-severity-index"" target=""_blank"">INFORM Severity Index</a> for Mexico: Criminal Violence in Mexico (None), International Displacement to Mexico (Medium), Multiple crisis in Mexico (High), as of 29/07/25.</li></ul>"
pax,Moldova,87.0,MDA,359.0,498.0,MLD,2.0,All,https://www.peaceagreements.org/tracker/all,https://www.peaceagreements.org/agreements/search/?search_type=basic-search&countries=87&match_any_issues=True&name=&text=&signed_after=&signed_before=,6,1,"<ul><li>The most recent agreement signed in Moldova was <a href=""https://www.peaceagreements.org/agreements/1957/"" target=""_blank"">Protocol of the Official Meeting of the Permanent Conference for Political Questions in the Framework of the Negotiating Process on the Transdniestrian Settlement (2017-11-17)</a>, as part of the Moldova Transdniestria process.</li><li>There has been a total of 6 agreements in Moldova, since the first agreement was signed in 1992 (<a href=""https://www.peaceagreements.org/agreements/1024/"" target=""_blank"">Agreement on the Principles for a Peaceful Settlement of the Armed Conflict in the Dniester Region of the Republic of Moldova (1992-07-21)</a>), in 1 peace process (Moldova Transdniestria process).</li></ul>",,,,,,,,,,,,,,,,,,,,498.0,Moldova,0.0,247.0,0.0,25.0,0.0,28.0,0.0,179.0,-3.0,0.0,68.0,0.0,-10.714285714285714,0.0,37.988826815642454,0.0,2025-08-15,63.0,165,Moldova ranked 63 out of 165 countries in the Global Peace Index (2024).,76.0,181,Moldova ranked 76 out of 181 countries in the Corruption Perception Index (2024).,,,"There is 1 current crisis and severity category listed in the <a href=""https://www.acaps.org/en/thematics/all-topics/inform-severity-index"" target=""_blank"">INFORM Severity Index</a> for Moldova: Displacement from Ukraine to Moldova (Medium), as of 29/07/25.",,"<ul><li>There is 1 current crisis and severity category listed in the <a href=""https://www.acaps.org/en/thematics/all-topics/inform-severity-index"" target=""_blank"">INFORM Severity Index</a> for Moldova: Displacement from Ukraine to Moldova (Medium), as of 29/07/25.</li></ul>","<ul><li>Moldova ranked 63 out of 165 countries in the Global Peace Index (2024).</li><li>Moldova ranked 76 out of 181 countries in the Corruption Perception Index (2024).</li><li>There is 1 current crisis and severity category listed in the <a href=""https://www.acaps.org/en/thematics/all-topics/inform-severity-index"" target=""_blank"">INFORM Severity Index</a> for Moldova: Displacement from Ukraine to Moldova (Medium), as of 29/07/25.</li></ul>"
pax,Mongolia,180.0,MNG,712.0,496.0,MON,2.0,All,https://www.peaceagreements.org/tracker/all,https://www.peaceagreements.org/agreements/search/?search_type=basic-search&countries=180&match_any_issues=True&name=&text=&signed_after=&signed_before=,3,1,"<ul><li>The most recent agreement signed in Mongolia was <a href=""https://www.peaceagreements.org/agreements/1807/"" target=""_blank"">Protocol between the Government of the Russian Federation, the Government of Mongolia, and the Government of the People's Republic of China, describing the eastern junction point of the borders of the three states (1996-06-24)</a>, as part of the Russia-China-Central Asian borders interstate process.</li><li>There has been a total of 3 agreements in Mongolia, since the first agreement was signed in 1994 (<a href=""https://www.peaceagreements.org/agreements/1809/"" target=""_blank"">Agreement between the Government of the Russian Federation, the Government of the People's Republic of China, and the Government of Mongolia on the determination of the points of junction of the national borders of the three states (1994-01-27)</a>), in 1 peace process (Russia-China-Central Asian borders interstate process).</li></ul>",,,,,,,,,,,,,,,,,,,,496.0,Mongolia,0.0,98.0,0.0,3.0,0.0,6.0,0.0,85.0,-3.0,0.0,13.0,0.0,-50.0,0.0,15.294117647058824,0.0,2025-08-15,45.0,165,Mongolia ranked 45 out of 165 countries in the Global Peace Index (2024).,114.0,181,Mongolia ranked 114 out of 181 countries in the Corruption Perception Index (2024).,,,,, ,<ul><li>Mongolia ranked 45 out of 165 countries in the Global Peace Index (2024).</li><li>Mongolia ranked 114 out of 181 countries in the Corruption Perception Index (2024).</li></ul>
pax,Morocco,90.0,MAR,600.0,504.0,MOR,2.0,All,https://www.peaceagreements.org/tracker/all,https://www.peaceagreements.org/agreements/search/?search_type=basic-search&countries=90&match_any_issues=True&name=&text=&signed_after=&signed_before=,11,1,"<ul><li>The most recent agreement signed in Morocco was <a href=""https://www.peaceagreements.org/agreements/732/"" target=""_blank"">Communique of the Special Envoy of the SG for Western Sahara on the Third Informal Meeting (2010-11-09)</a>, as part of the Morocco-Western Sahara peace process.</li><li>There has been a total of 11 agreements in Morocco, since the first agreement was signed in 1990 (<a href=""https://www.peaceagreements.org/agreements/1247/"" target=""_blank"">Implementation plan proposed by the Secretary-General pursuant to Security Council resolution 621 (1988) of September 1988 (1990-06-18)</a>), in 1 peace process (Morocco-Western Sahara peace process).</li></ul>",,,,,,,,,,,,,,,,,,,,504.0,Morocco,48.0,3207.0,1.0,311.0,3.0,256.0,53.0,2641.0,55.0,-2.0,566.0,-5.0,21.484375,-66.66666666666666,21.431276031806135,-9.433962264150944,2025-08-15,79.0,165,Morocco ranked 79 out of 165 countries in the Global Peace Index (2024).,99.0,181,Morocco ranked 99 out of 181 countries in the Corruption Perception Index (2024).,,,"There are 3 current crises and severity categories listed in the <a href=""https://www.acaps.org/en/thematics/all-topics/inform-severity-index"" target=""_blank"">INFORM Severity Index</a> for Morocco: Al Haouz Earthquake in Morocco (Medium), International displacement to Morocco (Low), Multiple crises in Morocco (Medium), as of 28/07/25.",,"<ul><li>There are 3 current crises and severity categories listed in the <a href=""https://www.acaps.org/en/thematics/all-topics/inform-severity-index"" target=""_blank"">INFORM Severity Index</a> for Morocco: Al Haouz Earthquake in Morocco (Medium), International displacement to Morocco (Low), Multiple crises in Morocco (Medium), as of 28/07/25.</li></ul>","<ul><li>Morocco ranked 79 out of 165 countries in the Global Peace Index (2024).</li><li>Morocco ranked 99 out of 181 countries in the Corruption Perception Index (2024).</li><li>There are 3 current crises and severity categories listed in the <a href=""https://www.acaps.org/en/thematics/all-topics/inform-severity-index"" target=""_blank"">INFORM Severity Index</a> for Morocco: Al Haouz Earthquake in Morocco (Medium), International displacement to Morocco (Low), Multiple crises in Morocco (Medium), as of 28/07/25.</li></ul>"
pax,Mozambique,91.0,MOZ,541.0,508.0,MZM,2.0,All,https://www.peaceagreements.org/tracker/all,https://www.peaceagreements.org/agreements/search/?search_type=basic-search&countries=91&match_any_issues=True&name=&text=&signed_after=&signed_before=,16,2,"<ul><li>The most recent agreement signed in Mozambique was <a href=""https://www.peaceagreements.org/agreements/2387/"" target=""_blank"">Accord for National Peace and Reconciliation (2019-08-06)</a>, as part of the Mozambique process - recent.</li><li>There has been a total of 16 agreements in Mozambique, since the first agreement was signed in 1990 (<a href=""https://www.peaceagreements.org/agreements/419/"" target=""_blank"">Joint Communiqué (1990-07-10)</a>), in 2 peace processes (Mozambique process in the 90s, Mozambique process - recent).</li></ul>",541.0,Mozambique,629.0,205.0,17.0,6.0,70.0,9.0,302.0,97.0,-3.0,-53.0,108.0,327.0,-33.33333333333333,-75.71428571428571,111.34020618556701,108.27814569536424,2025-07-31,508.0,Mozambique,712.0,1196.0,42.0,72.0,46.0,52.0,420.0,588.0,20.0,-4.0,608.0,292.0,38.46153846153847,-8.695652173913043,103.4013605442177,69.52380952380952,2025-08-15,107.0,165,Mozambique ranked 107 out of 165 countries in the Global Peace Index (2024).,146.0,181,Mozambique ranked 146 out of 181 countries in the Corruption Perception Index (2024).,"In the current period of analysis (Jun 2024) by the <a href='https://data.humdata.org/dataset/global-acute-food-insecurity-country-data', target='_blank'>IPC</a>, 28% of the population of Mozambique are in IPC Phase 3+ (in food crisis), an estimated 2785751 people. 5% (510151 people) are estimated to be in Phase 4 (emergency).","In Mozambique there has been a total of 579,688 people displaced, with 240,279 new displacements in 2024 [<a href='https://data.humdata.org/dataset/idmc-internal-displacements-new-displacements-idps', target='_blank'>IDMC</a>].","There are 5 current crises and severity categories listed in the <a href=""https://www.acaps.org/en/thematics/all-topics/inform-severity-index"" target=""_blank"">INFORM Severity Index</a> for Mozambique: 2024 Rainy and Cyclone season (High), 2025 Cyclone season in Mozambique (Medium), Conflict in Cabo Delgado (High), Drought in Mozambique (High), Multiple Crises in Mozambique (High), as of 28/07/25.",,"<ul><li>In the current period of analysis (Jun 2024) by the <a href='https://data.humdata.org/dataset/global-acute-food-insecurity-country-data', target='_blank'>IPC</a>, 28% of the population of Mozambique are in IPC Phase 3+ (in food crisis), an estimated 2785751 people. 5% (510151 people) are estimated to be in Phase 4 (emergency).</li><li>In Mozambique there has been a total of 579,688 people displaced, with 240,279 new displacements in 2024 [<a href='https://data.humdata.org/dataset/idmc-internal-displacements-new-displacements-idps', target='_blank'>IDMC</a>].</li><li>There are 5 current crises and severity categories listed in the <a href=""https://www.acaps.org/en/thematics/all-topics/inform-severity-index"" target=""_blank"">INFORM Severity Index</a> for Mozambique: 2024 Rainy and Cyclone season (High), 2025 Cyclone season in Mozambique (Medium), Conflict in Cabo Delgado (High), Drought in Mozambique (High), Multiple Crises in Mozambique (High), as of 28/07/25.</li></ul>","<ul><li>Mozambique ranked 107 out of 165 countries in the Global Peace Index (2024).</li><li>Mozambique ranked 146 out of 181 countries in the Corruption Perception Index (2024).</li><li>In the current period of analysis (Jun 2024) by the <a href='https://data.humdata.org/dataset/global-acute-food-insecurity-country-data', target='_blank'>IPC</a>, 28% of the population of Mozambique are in IPC Phase 3+ (in food crisis), an estimated 2785751 people. 5% (510151 people) are estimated to be in Phase 4 (emergency).</li><li>In Mozambique there has been a total of 579,688 people displaced, with 240,279 new displacements in 2024 [<a href='https://data.humdata.org/dataset/idmc-internal-displacements-new-displacements-idps', target='_blank'>IDMC</a>].</li><li>There are 5 current crises and severity categories listed in the <a href=""https://www.acaps.org/en/thematics/all-topics/inform-severity-index"" target=""_blank"">INFORM Severity Index</a> for Mozambique: 2024 Rainy and Cyclone season (High), 2025 Cyclone season in Mozambique (Medium), Conflict in Cabo Delgado (High), Drought in Mozambique (High), Multiple Crises in Mozambique (High), as of 28/07/25.</li></ul>"
pax,Myanmar,92.0,MMR,775.0,104.0,MYA,1.0,Myanmar,https://www.peaceagreements.org/tracker/myanmar,https://www.peaceagreements.org/agreements/search/?search_type=basic-search&countries=92&match_any_issues=True&name=&text=&signed_after=&signed_before=,39,2,"<ul><li>The most recent agreement signed in Myanmar was <a href=""https://www.peaceagreements.org/agreements/2675/"" target=""_blank"">Chairman’s Statement on the ASEAN Leaders’ Meeting (2021-04-24)</a>, as part of the Myanmar ceasefires process with ethnic armed groups.</li><li>There has been a total of 39 agreements in Myanmar, since the first agreement was signed in 2011 (<a href=""https://www.peaceagreements.org/agreements/1582/"" target=""_blank"">National Democratic Alliance Army (NDAA) Agreed Terms (2011-09-07)</a>), in 2 peace processes (Myanmar ceasefires process with ethnic armed groups, Myanmar 21st Century Panglong Process).</li></ul>",775.0,Myanmar (Burma),2328.0,749.0,177.0,56.0,128.0,55.0,3064.0,1562.0,1.0,49.0,-813.0,-736.0,1.8181818181818181,38.28125,-52.04865556978233,-24.02088772845953,2025-07-31,104.0,Myanmar,15558.0,15114.0,1247.0,1131.0,1358.0,1257.0,21640.0,18101.0,-126.0,-111.0,-2987.0,-6082.0,-10.023866348448687,-8.173784977908689,-16.5018507264792,-28.105360443622924,2025-08-15,148.0,165,Myanmar ranked 148 out of 165 countries in the Global Peace Index (2024).,168.0,181,Myanmar ranked 168 out of 181 countries in the Corruption Perception Index (2024).,,"In Myanmar (Burma) there has been a total of 3,520,700 people displaced, with 1,231,900 new displacements in 2024 [<a href='https://data.humdata.org/dataset/idmc-internal-displacements-new-displacements-idps', target='_blank'>IDMC</a>].","There are 6 current crises and severity categories listed in the <a href=""https://www.acaps.org/en/thematics/all-topics/inform-severity-index"" target=""_blank"">INFORM Severity Index</a> for Myanmar: 2024 Monsoon Floods (Medium), 2025 Earthquake in Myanmar (Very High), Conflict in Kachin and Shan (High), Conflict in Rakhine (Very High), Multiple crises in Myanmar (Very High), Post-coup conflict in Myanmar (Very High), as of 22/07/25.","Myanmar is one of 12 focus countries in the UK's WPS <a href='https://assets.publishing.service.gov.uk/government/uploads/system/uploads/attachment_data/file/1156085/uk-women-peace-security-national-action-plan-2023-2027.pdf', target='_blank'>National Action Plan</a> for 2023-2027. ","<ul><li>In Myanmar (Burma) there has been a total of 3,520,700 people displaced, with 1,231,900 new displacements in 2024 [<a href='https://data.humdata.org/dataset/idmc-internal-displacements-new-displacements-idps', target='_blank'>IDMC</a>].</li><li>There are 6 current crises and severity categories listed in the <a href=""https://www.acaps.org/en/thematics/all-topics/inform-severity-index"" target=""_blank"">INFORM Severity Index</a> for Myanmar: 2024 Monsoon Floods (Medium), 2025 Earthquake in Myanmar (Very High), Conflict in Kachin and Shan (High), Conflict in Rakhine (Very High), Multiple crises in Myanmar (Very High), Post-coup conflict in Myanmar (Very High), as of 22/07/25.</li><li>Myanmar is one of 12 focus countries in the UK's WPS <a href='https://assets.publishing.service.gov.uk/government/uploads/system/uploads/attachment_data/file/1156085/uk-women-peace-security-national-action-plan-2023-2027.pdf', target='_blank'>National Action Plan</a> for 2023-2027.</li></ul>","<ul><li>Myanmar ranked 148 out of 165 countries in the Global Peace Index (2024).</li><li>Myanmar ranked 168 out of 181 countries in the Corruption Perception Index (2024).</li><li>In Myanmar (Burma) there has been a total of 3,520,700 people displaced, with 1,231,900 new displacements in 2024 [<a href='https://data.humdata.org/dataset/idmc-internal-displacements-new-displacements-idps', target='_blank'>IDMC</a>].</li><li>There are 6 current crises and severity categories listed in the <a href=""https://www.acaps.org/en/thematics/all-topics/inform-severity-index"" target=""_blank"">INFORM Severity Index</a> for Myanmar: 2024 Monsoon Floods (Medium), 2025 Earthquake in Myanmar (Very High), Conflict in Kachin and Shan (High), Conflict in Rakhine (Very High), Multiple crises in Myanmar (Very High), Post-coup conflict in Myanmar (Very High), as of 22/07/25.</li><li>Myanmar is one of 12 focus countries in the UK's WPS <a href='https://assets.publishing.service.gov.uk/government/uploads/system/uploads/attachment_data/file/1156085/uk-women-peace-security-national-action-plan-2023-2027.pdf', target='_blank'>National Action Plan</a> for 2023-2027.</li></ul>"
pax,Namibia,96.0,NAM,565.0,516.0,NAM,2.0,All,https://www.peaceagreements.org/tracker/all,https://www.peaceagreements.org/agreements/search/?search_type=basic-search&countries=96&match_any_issues=True&name=&text=&signed_after=&signed_before=,4,1,"<ul><li>The most recent agreement signed in Namibia was <a href=""https://www.peaceagreements.org/agreements/596/"" target=""_blank"">Treaty on Walvis Bay (1994-02-28)</a>, as part of the South Africa - Namibia process.</li><li>There has been a total of 4 agreements in Namibia, since the first agreement was signed in 1991 (<a href=""https://www.peaceagreements.org/agreements/1248/"" target=""_blank"">Joint Statement, Windhoek (1991-05-17)</a>), in 1 peace process (South Africa - Namibia process).</li></ul>",,,,,,,,,,,,,,,,,,,,516.0,Namibia,0.0,47.0,0.0,9.0,0.0,3.0,7.0,54.0,6.0,0.0,-7.0,-7.0,200.0,0.0,-12.962962962962962,-100.0,2025-08-15,62.0,165,Namibia ranked 62 out of 165 countries in the Global Peace Index (2024).,59.0,181,Namibia ranked 59 out of 181 countries in the Corruption Perception Index (2024).,"In the current period of analysis (Jul 2024) by the <a href='https://data.humdata.org/dataset/global-acute-food-insecurity-country-data', target='_blank'>IPC</a>, 38% of the population of Namibia are in IPC Phase 3+ (in food crisis), an estimated 1145579 people. 3% (88374 people) are estimated to be in Phase 4 (emergency).",,"There is 1 current crisis and severity category listed in the <a href=""https://www.acaps.org/en/thematics/all-topics/inform-severity-index"" target=""_blank"">INFORM Severity Index</a> for Namibia: Drought in Namibia (Medium), as of 28/07/25.",,"<ul><li>In the current period of analysis (Jul 2024) by the <a href='https://data.humdata.org/dataset/global-acute-food-insecurity-country-data', target='_blank'>IPC</a>, 38% of the population of Namibia are in IPC Phase 3+ (in food crisis), an estimated 1145579 people. 3% (88374 people) are estimated to be in Phase 4 (emergency).</li><li>There is 1 current crisis and severity category listed in the <a href=""https://www.acaps.org/en/thematics/all-topics/inform-severity-index"" target=""_blank"">INFORM Severity Index</a> for Namibia: Drought in Namibia (Medium), as of 28/07/25.</li></ul>","<ul><li>Namibia ranked 62 out of 165 countries in the Global Peace Index (2024).</li><li>Namibia ranked 59 out of 181 countries in the Corruption Perception Index (2024).</li><li>In the current period of analysis (Jul 2024) by the <a href='https://data.humdata.org/dataset/global-acute-food-insecurity-country-data', target='_blank'>IPC</a>, 38% of the population of Namibia are in IPC Phase 3+ (in food crisis), an estimated 1145579 people. 3% (88374 people) are estimated to be in Phase 4 (emergency).</li><li>There is 1 current crisis and severity category listed in the <a href=""https://www.acaps.org/en/thematics/all-topics/inform-severity-index"" target=""_blank"">INFORM Severity Index</a> for Namibia: Drought in Namibia (Medium), as of 28/07/25.</li></ul>"
pax,Nepal,97.0,NPL,790.0,524.0,NEP,2.0,All,https://www.peaceagreements.org/tracker/all,https://www.peaceagreements.org/agreements/search/?search_type=basic-search&countries=97&match_any_issues=True&name=&text=&signed_after=&signed_before=,51,2,"<ul><li>The most recent agreement signed in Nepal was <a href=""https://www.peaceagreements.org/agreements/1361/"" target=""_blank"">Constitution of Nepal 2015 (2015-09-20)</a>, as part of the Nepal peace process.</li><li>There has been a total of 51 agreements in Nepal, since the first agreement was signed in 2005 (<a href=""https://www.peaceagreements.org/agreements/899/"" target=""_blank"">12-Point Understanding between the Seven Political Parties and Nepal Communist Party (Maoists) (2005-11-22)</a>), in 2 peace processes (Nepal peace process, Nepal related-local processes).</li></ul>",,,,,,,,,,,,,,,,,,,,524.0,Nepal,8.0,1770.0,2.0,125.0,0.0,128.0,6.0,1180.0,-3.0,2.0,590.0,2.0,-2.34375,0.0,50.0,33.33333333333333,2025-08-15,81.0,165,Nepal ranked 81 out of 165 countries in the Global Peace Index (2024).,107.0,181,Nepal ranked 107 out of 181 countries in the Corruption Perception Index (2024).,,,"There are 2 current crises and severity categories listed in the <a href=""https://www.acaps.org/en/thematics/all-topics/inform-severity-index"" target=""_blank"">INFORM Severity Index</a> for Nepal: 2024 Monsoon Floods in Nepal (Medium), Karnali Earthquake (Medium), as of 13/12/24.",,"<ul><li>There are 2 current crises and severity categories listed in the <a href=""https://www.acaps.org/en/thematics/all-topics/inform-severity-index"" target=""_blank"">INFORM Severity Index</a> for Nepal: 2024 Monsoon Floods in Nepal (Medium), Karnali Earthquake (Medium), as of 13/12/24.</li></ul>","<ul><li>Nepal ranked 81 out of 165 countries in the Global Peace Index (2024).</li><li>Nepal ranked 107 out of 181 countries in the Corruption Perception Index (2024).</li><li>There are 2 current crises and severity categories listed in the <a href=""https://www.acaps.org/en/thematics/all-topics/inform-severity-index"" target=""_blank"">INFORM Severity Index</a> for Nepal: 2024 Monsoon Floods in Nepal (Medium), Karnali Earthquake (Medium), as of 13/12/24.</li></ul>"
pax,Nicaragua,100.0,NIC,93.0,558.0,NIC,2.0,All,https://www.peaceagreements.org/tracker/all,https://www.peaceagreements.org/agreements/search/?search_type=basic-search&countries=100&match_any_issues=True&name=&text=&signed_after=&signed_before=,8,1,"<ul><li>The most recent agreement signed in Nicaragua was <a href=""https://www.peaceagreements.org/agreements/921/"" target=""_blank"">Acuerdo de Paz entre el Gobierno de Nicaragua y el Estado Mayor del Frente Norte 3-80 (Acuerdo de Managua) (1997-05-30)</a>, as part of the Nicaragua contra process.</li><li>There has been a total of 8 agreements in Nicaragua, since the first agreement was signed in 1990 (<a href=""https://www.peaceagreements.org/agreements/589/"" target=""_blank"">The Toncontin Agreement (1990-03-23)</a>), in 1 peace process (Nicaragua contra process).</li></ul>",,,,,,,,,,,,,,,,,,,,558.0,Nicaragua,10.0,89.0,0.0,7.0,1.0,3.0,8.0,79.0,4.0,-1.0,10.0,2.0,133.33333333333331,-100.0,12.658227848101266,25.0,2025-08-15,113.0,165,Nicaragua ranked 113 out of 165 countries in the Global Peace Index (2024).,172.0,181,Nicaragua ranked 172 out of 181 countries in the Corruption Perception Index (2024).,,"In Nicaragua, there were no reported displacements in 2024 [<a href='https://data.humdata.org/dataset/idmc-internal-displacements-new-displacements-idps', target='_blank'>IDMC</a>].","There is 1 current crisis and severity category listed in the <a href=""https://www.acaps.org/en/thematics/all-topics/inform-severity-index"" target=""_blank"">INFORM Severity Index</a> for Nicaragua: Political and Economic crisis in Nicaragua (Medium), as of 30/06/25.",,"<ul><li>In Nicaragua, there were no reported displacements in 2024 [<a href='https://data.humdata.org/dataset/idmc-internal-displacements-new-displacements-idps', target='_blank'>IDMC</a>].</li><li>There is 1 current crisis and severity category listed in the <a href=""https://www.acaps.org/en/thematics/all-topics/inform-severity-index"" target=""_blank"">INFORM Severity Index</a> for Nicaragua: Political and Economic crisis in Nicaragua (Medium), as of 30/06/25.</li></ul>","<ul><li>Nicaragua ranked 113 out of 165 countries in the Global Peace Index (2024).</li><li>Nicaragua ranked 172 out of 181 countries in the Corruption Perception Index (2024).</li><li>In Nicaragua, there were no reported displacements in 2024 [<a href='https://data.humdata.org/dataset/idmc-internal-displacements-new-displacements-idps', target='_blank'>IDMC</a>].</li><li>There is 1 current crisis and severity category listed in the <a href=""https://www.acaps.org/en/thematics/all-topics/inform-severity-index"" target=""_blank"">INFORM Severity Index</a> for Nicaragua: Political and Economic crisis in Nicaragua (Medium), as of 30/06/25.</li></ul>"
pax,Niger,101.0,NER,436.0,562.0,NIR,2.0,All,https://www.peaceagreements.org/tracker/all,https://www.peaceagreements.org/agreements/search/?search_type=basic-search&countries=101&match_any_issues=True&name=&text=&signed_after=&signed_before=,12,4,"<ul><li>The most recent agreement signed in Niger was <a href=""https://www.peaceagreements.org/agreements/2569/"" target=""_blank"">Peace Agreement between the communities of the Department of Ouallam (2023-06-04)</a>, as part of the Niger local agreements.</li><li>There has been a total of 12 agreements in Niger, since the first agreement was signed in 1994 (<a href=""https://www.peaceagreements.org/agreements/203/"" target=""_blank"">Accord de Paix entre le Gouvernement de la Republique du Niger et la Coordination de la Resistance Armee (Ouagadougou Accord) (1994-10-09)</a>), in 4 peace processes (Niger peace process, Niger local agreements, Mali Local Processes, Mali - Niger: local agreements in border areas).</li></ul>",436.0,Niger,1034.0,79.0,72.0,14.0,155.0,6.0,1416.0,107.0,8.0,-83.0,-28.0,-382.0,133.33333333333331,-53.5483870967742,-26.168224299065418,-26.9774011299435,2025-07-31,562.0,Niger,1958.0,795.0,177.0,42.0,373.0,62.0,1800.0,823.0,-20.0,-196.0,-28.0,158.0,-32.25806451612903,-52.54691689008043,-3.402187120291616,8.777777777777777,2025-08-15,141.0,165,Niger ranked 141 out of 165 countries in the Global Peace Index (2024).,107.0,181,Niger ranked 107 out of 181 countries in the Corruption Perception Index (2024).,"In the current period of analysis (Mar 2025) by the <a href='https://data.humdata.org/dataset/global-acute-food-insecurity-country-data', target='_blank'>IPC</a>, 0% of the population of Niger are in IPC Phase 3+ (in food crisis), an estimated 0 people.","In Niger there has been a total of 411,685 people displaced, with 99,844 new displacements in 2024 [<a href='https://data.humdata.org/dataset/idmc-internal-displacements-new-displacements-idps', target='_blank'>IDMC</a>].","There are 4 current crises and severity categories listed in the <a href=""https://www.acaps.org/en/thematics/all-topics/inform-severity-index"" target=""_blank"">INFORM Severity Index</a> for Niger: Complex crisis in Niger (High), Conflict in Diffa region (Medium), Cross-border violence in Niger (Medium), International displacement from Nigeria to Niger (Medium), as of 29/07/25.",,"<ul><li>In the current period of analysis (Mar 2025) by the <a href='https://data.humdata.org/dataset/global-acute-food-insecurity-country-data', target='_blank'>IPC</a>, 0% of the population of Niger are in IPC Phase 3+ (in food crisis), an estimated 0 people.</li><li>In Niger there has been a total of 411,685 people displaced, with 99,844 new displacements in 2024 [<a href='https://data.humdata.org/dataset/idmc-internal-displacements-new-displacements-idps', target='_blank'>IDMC</a>].</li><li>There are 4 current crises and severity categories listed in the <a href=""https://www.acaps.org/en/thematics/all-topics/inform-severity-index"" target=""_blank"">INFORM Severity Index</a> for Niger: Complex crisis in Niger (High), Conflict in Diffa region (Medium), Cross-border violence in Niger (Medium), International displacement from Nigeria to Niger (Medium), as of 29/07/25.</li></ul>","<ul><li>Niger ranked 141 out of 165 countries in the Global Peace Index (2024).</li><li>Niger ranked 107 out of 181 countries in the Corruption Perception Index (2024).</li><li>In the current period of analysis (Mar 2025) by the <a href='https://data.humdata.org/dataset/global-acute-food-insecurity-country-data', target='_blank'>IPC</a>, 0% of the population of Niger are in IPC Phase 3+ (in food crisis), an estimated 0 people.</li><li>In Niger there has been a total of 411,685 people displaced, with 99,844 new displacements in 2024 [<a href='https://data.humdata.org/dataset/idmc-internal-displacements-new-displacements-idps', target='_blank'>IDMC</a>].</li><li>There are 4 current crises and severity categories listed in the <a href=""https://www.acaps.org/en/thematics/all-topics/inform-severity-index"" target=""_blank"">INFORM Severity Index</a> for Niger: Complex crisis in Niger (High), Conflict in Diffa region (Medium), Cross-border violence in Niger (Medium), International displacement from Nigeria to Niger (Medium), as of 29/07/25.</li></ul>"
pax,Nigeria,102.0,NGA,475.0,566.0,NIG,2.0,All,https://www.peaceagreements.org/tracker/all,https://www.peaceagreements.org/agreements/search/?search_type=basic-search&countries=102&match_any_issues=True&name=&text=&signed_after=&signed_before=,15,3,"<ul><li>The most recent agreement signed in Nigeria was <a href=""https://www.peaceagreements.org/agreements/2574/"" target=""_blank"">Effium and Ezza Effium Ceasefire (2023-08-13)</a>, as part of the Nigeria - local agreements.</li><li>There has been a total of 15 agreements in Nigeria, since the first agreement was signed in 2002 (<a href=""https://www.peaceagreements.org/agreements/1013/"" target=""_blank"">Joint Communiqué Establishing the Cameroon-Nigeria Mixed Commission (CNMC) (2002-11-15)</a>), in 3 peace processes (Nigeria - Plateau State Process, Nigeria - local agreements, Cameroon-Nigeria border peace process).</li></ul>",475.0,Nigeria,2386.0,315.0,113.0,23.0,173.0,21.0,2696.0,469.0,2.0,-60.0,-154.0,-310.0,9.523809523809524,-34.68208092485549,-32.83582089552239,-11.498516320474778,2025-07-31,566.0,Nigeria,10021.0,4958.0,564.0,412.0,921.0,422.0,9585.0,5495.0,-10.0,-357.0,-537.0,436.0,-2.3696682464454977,-38.762214983713356,-9.772520473157416,4.548774126238915,2025-08-15,147.0,165,Nigeria ranked 147 out of 165 countries in the Global Peace Index (2024).,140.0,181,Nigeria ranked 140 out of 181 countries in the Corruption Perception Index (2024).,"In the current period of analysis (Mar 2025) by the <a href='https://data.humdata.org/dataset/global-acute-food-insecurity-country-data', target='_blank'>IPC</a>, 12% of the population of Nigeria are in IPC Phase 3+ (in food crisis), an estimated 24896101 people. 0% (679974 people) are estimated to be in Phase 4 (emergency).","In Nigeria there has been a total of 3,359,007 people displaced, with 295,311 new displacements in 2024 [<a href='https://data.humdata.org/dataset/idmc-internal-displacements-new-displacements-idps', target='_blank'>IDMC</a>].","There are 5 current crises and severity categories listed in the <a href=""https://www.acaps.org/en/thematics/all-topics/inform-severity-index"" target=""_blank"">INFORM Severity Index</a> for Nigeria: Complex crisis in Nigeria (Very High), Conflict in North West Nigeria (High), Conflict in the BAY states (Very High), International displacement from Cameroon to Nigeria (Medium), Middle belt conflict (High), as of 24/07/25.","Nigeria is one of 12 focus countries in the UK's WPS <a href='https://assets.publishing.service.gov.uk/government/uploads/system/uploads/attachment_data/file/1156085/uk-women-peace-security-national-action-plan-2023-2027.pdf', target='_blank'>National Action Plan</a> for 2023-2027. ","<ul><li>In the current period of analysis (Mar 2025) by the <a href='https://data.humdata.org/dataset/global-acute-food-insecurity-country-data', target='_blank'>IPC</a>, 12% of the population of Nigeria are in IPC Phase 3+ (in food crisis), an estimated 24896101 people. 0% (679974 people) are estimated to be in Phase 4 (emergency).</li><li>In Nigeria there has been a total of 3,359,007 people displaced, with 295,311 new displacements in 2024 [<a href='https://data.humdata.org/dataset/idmc-internal-displacements-new-displacements-idps', target='_blank'>IDMC</a>].</li><li>There are 5 current crises and severity categories listed in the <a href=""https://www.acaps.org/en/thematics/all-topics/inform-severity-index"" target=""_blank"">INFORM Severity Index</a> for Nigeria: Complex crisis in Nigeria (Very High), Conflict in North West Nigeria (High), Conflict in the BAY states (Very High), International displacement from Cameroon to Nigeria (Medium), Middle belt conflict (High), as of 24/07/25.</li><li>Nigeria is one of 12 focus countries in the UK's WPS <a href='https://assets.publishing.service.gov.uk/government/uploads/system/uploads/attachment_data/file/1156085/uk-women-peace-security-national-action-plan-2023-2027.pdf', target='_blank'>National Action Plan</a> for 2023-2027.</li></ul>","<ul><li>Nigeria ranked 147 out of 165 countries in the Global Peace Index (2024).</li><li>Nigeria ranked 140 out of 181 countries in the Corruption Perception Index (2024).</li><li>In the current period of analysis (Mar 2025) by the <a href='https://data.humdata.org/dataset/global-acute-food-insecurity-country-data', target='_blank'>IPC</a>, 12% of the population of Nigeria are in IPC Phase 3+ (in food crisis), an estimated 24896101 people. 0% (679974 people) are estimated to be in Phase 4 (emergency).</li><li>In Nigeria there has been a total of 3,359,007 people displaced, with 295,311 new displacements in 2024 [<a href='https://data.humdata.org/dataset/idmc-internal-displacements-new-displacements-idps', target='_blank'>IDMC</a>].</li><li>There are 5 current crises and severity categories listed in the <a href=""https://www.acaps.org/en/thematics/all-topics/inform-severity-index"" target=""_blank"">INFORM Severity Index</a> for Nigeria: Complex crisis in Nigeria (Very High), Conflict in North West Nigeria (High), Conflict in the BAY states (Very High), International displacement from Cameroon to Nigeria (Medium), Middle belt conflict (High), as of 24/07/25.</li><li>Nigeria is one of 12 focus countries in the UK's WPS <a href='https://assets.publishing.service.gov.uk/government/uploads/system/uploads/attachment_data/file/1156085/uk-women-peace-security-national-action-plan-2023-2027.pdf', target='_blank'>National Action Plan</a> for 2023-2027.</li></ul>"
pax,North Korea,103.0,PRK,731.0,408.0,PRK,2.0,All,https://www.peaceagreements.org/tracker/all,https://www.peaceagreements.org/agreements/search/?search_type=basic-search&countries=103&match_any_issues=True&name=&text=&signed_after=&signed_before=,10,2,"<ul><li>The most recent agreement signed in North Korea was <a href=""https://www.peaceagreements.org/agreements/2105/"" target=""_blank"">September 19th Pyongyang Declaration (2018-09-19)</a>, as part of the North Korea - South Korea interstate process.</li><li>There has been a total of 10 agreements in North Korea, since the first agreement was signed in 1991 (<a href=""https://www.peaceagreements.org/agreements/1232/"" target=""_blank"">Agreement on Reconciliation, Non-Aggression, and Exchanges and Cooperation between South and North Korea (1991-12-13)</a>), in 2 peace processes (North Korea - South Korea interstate process, US-North Korea interstate process).</li></ul>",,,,,,,,,,,,,,,,,,,,408.0,North Korea,0.0,74.0,0.0,6.0,0.0,13.0,31.0,50.0,-7.0,0.0,24.0,-31.0,-53.84615384615385,0.0,48.0,-100.0,2025-08-15,152.0,165,North Korea ranked 152 out of 165 countries in the Global Peace Index (2024).,170.0,181,"Korea, North ranked 170 out of 181 countries in the Corruption Perception Index (2024).",,,"There is 1 current crisis and severity category listed in the <a href=""https://www.acaps.org/en/thematics/all-topics/inform-severity-index"" target=""_blank"">INFORM Severity Index</a> for DPRK: Complex crisis in DPRK (High), as of 29/07/25.",,"<ul><li>There is 1 current crisis and severity category listed in the <a href=""https://www.acaps.org/en/thematics/all-topics/inform-severity-index"" target=""_blank"">INFORM Severity Index</a> for DPRK: Complex crisis in DPRK (High), as of 29/07/25.</li></ul>","<ul><li>North Korea ranked 152 out of 165 countries in the Global Peace Index (2024).</li><li>Korea, North ranked 170 out of 181 countries in the Corruption Perception Index (2024).</li><li>There is 1 current crisis and severity category listed in the <a href=""https://www.acaps.org/en/thematics/all-topics/inform-severity-index"" target=""_blank"">INFORM Severity Index</a> for DPRK: Complex crisis in DPRK (High), as of 29/07/25.</li></ul>"
pax,Pakistan,109.0,PAK,770.0,586.0,PAK,2.0,All,https://www.peaceagreements.org/tracker/all,https://www.peaceagreements.org/agreements/search/?search_type=basic-search&countries=109&match_any_issues=True&name=&text=&signed_after=&signed_before=,17,3,"<ul><li>The most recent agreement signed in Pakistan was <a href=""https://www.peaceagreements.org/agreements/2579/"" target=""_blank"">The Peace Agreement District Kurram executed in Para Chanar (2023-07-14)</a>, as part of the Pakistan-Taliban process.</li><li>There has been a total of 17 agreements in Pakistan, since the first agreement was signed in 1991 (<a href=""https://www.peaceagreements.org/agreements/1522/"" target=""_blank"">Agreement between India and Pakistan on Prevention of Air Space Violations and for Permitting over flights and landings by military aircraft (1991-04-06)</a>), in 3 peace processes (Pakistan-Taliban process, India-Pakistan border and related process, Afghanistan: 2000s Post-intervention process).</li></ul>",770.0,Pakistan,2649.0,835.0,221.0,77.0,151.0,60.0,1256.0,544.0,17.0,70.0,291.0,1393.0,28.333333333333332,46.35761589403973,53.49264705882353,110.9076433121019,2025-07-31,586.0,Pakistan,4571.0,10707.0,417.0,772.0,374.0,841.0,2423.0,8002.0,-69.0,43.0,2705.0,2148.0,-8.204518430439952,11.497326203208557,33.80404898775306,88.65043334709038,2025-08-15,140.0,165,Pakistan ranked 140 out of 165 countries in the Global Peace Index (2024).,135.0,181,Pakistan ranked 135 out of 181 countries in the Corruption Perception Index (2024).,"In the current period of analysis (Nov 2024) by the <a href='https://data.humdata.org/dataset/global-acute-food-insecurity-country-data', target='_blank'>IPC</a>, 22% of the population of Pakistan are in IPC Phase 3+ (in food crisis), an estimated 10989570 people. 3% (1706195 people) are estimated to be in Phase 4 (emergency).","In Pakistan there has been a total of 21,539 people displaced, with 3,523 new displacements in 2024 [<a href='https://data.humdata.org/dataset/idmc-internal-displacements-new-displacements-idps', target='_blank'>IDMC</a>].","There are 6 current crises and severity categories listed in the <a href=""https://www.acaps.org/en/thematics/all-topics/inform-severity-index"" target=""_blank"">INFORM Severity Index</a> for Pakistan: Complex crisis in Pakistan (High), Conflict in Azad Jammu & Kashmir (None), Displacement from Afghanistan to Pakistan (High), Floods and political and economic crisis  (High), Floods in Pakistan  (High), Multiple crises in Pakistan (High), as of 28/07/25.",,"<ul><li>In the current period of analysis (Nov 2024) by the <a href='https://data.humdata.org/dataset/global-acute-food-insecurity-country-data', target='_blank'>IPC</a>, 22% of the population of Pakistan are in IPC Phase 3+ (in food crisis), an estimated 10989570 people. 3% (1706195 people) are estimated to be in Phase 4 (emergency).</li><li>In Pakistan there has been a total of 21,539 people displaced, with 3,523 new displacements in 2024 [<a href='https://data.humdata.org/dataset/idmc-internal-displacements-new-displacements-idps', target='_blank'>IDMC</a>].</li><li>There are 6 current crises and severity categories listed in the <a href=""https://www.acaps.org/en/thematics/all-topics/inform-severity-index"" target=""_blank"">INFORM Severity Index</a> for Pakistan: Complex crisis in Pakistan (High), Conflict in Azad Jammu & Kashmir (None), Displacement from Afghanistan to Pakistan (High), Floods and political and economic crisis  (High), Floods in Pakistan  (High), Multiple crises in Pakistan (High), as of 28/07/25.</li></ul>","<ul><li>Pakistan ranked 140 out of 165 countries in the Global Peace Index (2024).</li><li>Pakistan ranked 135 out of 181 countries in the Corruption Perception Index (2024).</li><li>In the current period of analysis (Nov 2024) by the <a href='https://data.humdata.org/dataset/global-acute-food-insecurity-country-data', target='_blank'>IPC</a>, 22% of the population of Pakistan are in IPC Phase 3+ (in food crisis), an estimated 10989570 people. 3% (1706195 people) are estimated to be in Phase 4 (emergency).</li><li>In Pakistan there has been a total of 21,539 people displaced, with 3,523 new displacements in 2024 [<a href='https://data.humdata.org/dataset/idmc-internal-displacements-new-displacements-idps', target='_blank'>IDMC</a>].</li><li>There are 6 current crises and severity categories listed in the <a href=""https://www.acaps.org/en/thematics/all-topics/inform-severity-index"" target=""_blank"">INFORM Severity Index</a> for Pakistan: Complex crisis in Pakistan (High), Conflict in Azad Jammu & Kashmir (None), Displacement from Afghanistan to Pakistan (High), Floods and political and economic crisis  (High), Floods in Pakistan  (High), Multiple crises in Pakistan (High), as of 28/07/25.</li></ul>"
pax,Papua New Guinea,111.0,PNG,910.0,598.0,PNG,2.0,All,https://www.peaceagreements.org/tracker/all,https://www.peaceagreements.org/agreements/search/?search_type=basic-search&countries=111&match_any_issues=True&name=&text=&signed_after=&signed_before=,39,2,"<ul><li>The most recent agreement signed in Papua New Guinea was <a href=""https://www.peaceagreements.org/agreements/2695/"" target=""_blank"">Ceasefire (2024-03-13)</a>, as part of the Papua New Guinea: local agreements.</li><li>There has been a total of 39 agreements in Papua New Guinea, since the first agreement was signed in 1990 (<a href=""https://www.peaceagreements.org/agreements/295/"" target=""_blank"">Agreement to End Hostilities on Bougainville (1990-03-01)</a>), in 2 peace processes (Bougainville: peace process, Papua New Guinea: local agreements).</li></ul>",910.0,Papua New Guinea,32.0,1.0,0.0,0.0,0.0,0.0,98.0,4.0,0.0,0.0,-3.0,-66.0,0.0,0.0,-75.0,-67.3469387755102,2025-07-31,598.0,Papua New Guinea,192.0,276.0,7.0,13.0,10.0,24.0,357.0,347.0,-11.0,-3.0,-71.0,-165.0,-45.83333333333333,-30.0,-20.461095100864554,-46.21848739495798,2025-08-15,115.0,165,Papua New Guinea ranked 115 out of 165 countries in the Global Peace Index (2024).,127.0,181,Papua New Guinea ranked 127 out of 181 countries in the Corruption Perception Index (2024).,,"In Papua New Guinea there has been a total of 84,051 people displaced, with 11,721 new displacements in 2024 [<a href='https://data.humdata.org/dataset/idmc-internal-displacements-new-displacements-idps', target='_blank'>IDMC</a>].","There are 3 current crises and severity categories listed in the <a href=""https://www.acaps.org/en/thematics/all-topics/inform-severity-index"" target=""_blank"">INFORM Severity Index</a> for Papua New Guinea: 2024 Monsoon Flooding in Western Province (Low), Conflict in Highlands (Low), Multiple crises in Papua New Guinea (Medium), as of 29/07/25.",,"<ul><li>In Papua New Guinea there has been a total of 84,051 people displaced, with 11,721 new displacements in 2024 [<a href='https://data.humdata.org/dataset/idmc-internal-displacements-new-displacements-idps', target='_blank'>IDMC</a>].</li><li>There are 3 current crises and severity categories listed in the <a href=""https://www.acaps.org/en/thematics/all-topics/inform-severity-index"" target=""_blank"">INFORM Severity Index</a> for Papua New Guinea: 2024 Monsoon Flooding in Western Province (Low), Conflict in Highlands (Low), Multiple crises in Papua New Guinea (Medium), as of 29/07/25.</li></ul>","<ul><li>Papua New Guinea ranked 115 out of 165 countries in the Global Peace Index (2024).</li><li>Papua New Guinea ranked 127 out of 181 countries in the Corruption Perception Index (2024).</li><li>In Papua New Guinea there has been a total of 84,051 people displaced, with 11,721 new displacements in 2024 [<a href='https://data.humdata.org/dataset/idmc-internal-displacements-new-displacements-idps', target='_blank'>IDMC</a>].</li><li>There are 3 current crises and severity categories listed in the <a href=""https://www.acaps.org/en/thematics/all-topics/inform-severity-index"" target=""_blank"">INFORM Severity Index</a> for Papua New Guinea: 2024 Monsoon Flooding in Western Province (Low), Conflict in Highlands (Low), Multiple crises in Papua New Guinea (Medium), as of 29/07/25.</li></ul>"
pax,Peru,112.0,PER,135.0,604.0,PER,2.0,All,https://www.peaceagreements.org/tracker/all,https://www.peaceagreements.org/agreements/search/?search_type=basic-search&countries=112&match_any_issues=True&name=&text=&signed_after=&signed_before=,14,1,"<ul><li>The most recent agreement signed in Peru was <a href=""https://www.peaceagreements.org/agreements/141/"" target=""_blank"">Acuerdo de Bases respecto de la rehabilitación o reconstrucción de la bocatoma y obras conexas del Canal de Zarumilla Grupo de Trabajo sobre el Canal de Zarumilla (1998-10-26)</a>, as part of the Ecuador-Peru border dispute peace process.</li><li>There has been a total of 14 agreements in Peru, since the first agreement was signed in 1995 (<a href=""https://www.peaceagreements.org/agreements/352/"" target=""_blank"">Declaracion de Itamaraty (1995-02-17)</a>), in 1 peace process (Ecuador-Peru border dispute peace process).</li></ul>",,,,,,,,,,,,,,,,,,,,604.0,Peru,46.0,1724.0,3.0,97.0,6.0,212.0,39.0,1147.0,-115.0,-3.0,577.0,7.0,-54.24528301886793,-50.0,50.30514385353095,17.94871794871795,2025-08-15,99.0,165,Peru ranked 99 out of 165 countries in the Global Peace Index (2024).,127.0,181,Peru ranked 127 out of 181 countries in the Corruption Perception Index (2024).,,"In Peru, there has been a total of 77,788 people displaced as of end of 2024 [<a href='https://data.humdata.org/dataset/idmc-internal-displacements-new-displacements-idps', target='_blank'>IDMC</a>].","There is 1 current crisis and severity category listed in the <a href=""https://www.acaps.org/en/thematics/all-topics/inform-severity-index"" target=""_blank"">INFORM Severity Index</a> for Peru: Displacement from Venezuela to Peru (High), as of 28/07/25.",,"<ul><li>In Peru, there has been a total of 77,788 people displaced as of end of 2024 [<a href='https://data.humdata.org/dataset/idmc-internal-displacements-new-displacements-idps', target='_blank'>IDMC</a>].</li><li>There is 1 current crisis and severity category listed in the <a href=""https://www.acaps.org/en/thematics/all-topics/inform-severity-index"" target=""_blank"">INFORM Severity Index</a> for Peru: Displacement from Venezuela to Peru (High), as of 28/07/25.</li></ul>","<ul><li>Peru ranked 99 out of 165 countries in the Global Peace Index (2024).</li><li>Peru ranked 127 out of 181 countries in the Corruption Perception Index (2024).</li><li>In Peru, there has been a total of 77,788 people displaced as of end of 2024 [<a href='https://data.humdata.org/dataset/idmc-internal-displacements-new-displacements-idps', target='_blank'>IDMC</a>].</li><li>There is 1 current crisis and severity category listed in the <a href=""https://www.acaps.org/en/thematics/all-topics/inform-severity-index"" target=""_blank"">INFORM Severity Index</a> for Peru: Displacement from Venezuela to Peru (High), as of 28/07/25.</li></ul>"
pax,Philippines,113.0,PHL,840.0,608.0,PHI,1.0,Philippines,https://www.peaceagreements.org/tracker/philippines,https://www.peaceagreements.org/agreements/search/?search_type=basic-search&countries=113&match_any_issues=True&name=&text=&signed_after=&signed_before=,165,5,"<ul><li>The most recent agreement signed in Philippines was <a href=""https://www.peaceagreements.org/agreements/2718/"" target=""_blank"">Joint Statement of the GPH-MILF Peace Implementing Panels (2024-02-10)</a>, as part of the Philippines - Mindanao process.</li><li>There has been a total of 165 agreements in Philippines, since the first agreement was signed in 1992 (<a href=""https://www.peaceagreements.org/agreements/569/"" target=""_blank"">The Hague Joint Declaration (1992-09-01)</a>), in 5 peace processes (Philippines-NDF process, Philippines - Mindanao process, Philippines: RAM process, Philippines - Cordillera process, Philippines-Mindanao: Local Processes).</li></ul>",840.0,Philippines,141.0,46.0,10.0,3.0,17.0,6.0,220.0,79.0,-3.0,-7.0,-33.0,-79.0,-50.0,-41.17647058823529,-41.77215189873418,-35.90909090909091,2025-07-31,608.0,Philippines,572.0,1031.0,53.0,71.0,36.0,75.0,753.0,1073.0,-4.0,17.0,-42.0,-181.0,-5.333333333333334,47.22222222222222,-3.91425908667288,-24.03718459495352,2025-08-15,104.0,165,Philippines ranked 104 out of 165 countries in the Global Peace Index (2024).,114.0,181,Philippines ranked 114 out of 181 countries in the Corruption Perception Index (2024).,,"In Philippines there has been a total of 123,025 people displaced, with 193,055 new displacements in 2024 [<a href='https://data.humdata.org/dataset/idmc-internal-displacements-new-displacements-idps', target='_blank'>IDMC</a>].","There are 5 current crises and severity categories listed in the <a href=""https://www.acaps.org/en/thematics/all-topics/inform-severity-index"" target=""_blank"">INFORM Severity Index</a> for Philippines: 2024 Southwest Monsoon (Medium), Conflict in Mindanao (Medium), Multiple crises in the Philippines (Medium), Typhoons Toraji, Usagi, Man-yi, and Yinxing in Philippines (Medium), Typhoon Trami in Philippines (Medium), as of 29/07/25.",,"<ul><li>In Philippines there has been a total of 123,025 people displaced, with 193,055 new displacements in 2024 [<a href='https://data.humdata.org/dataset/idmc-internal-displacements-new-displacements-idps', target='_blank'>IDMC</a>].</li><li>There are 5 current crises and severity categories listed in the <a href=""https://www.acaps.org/en/thematics/all-topics/inform-severity-index"" target=""_blank"">INFORM Severity Index</a> for Philippines: 2024 Southwest Monsoon (Medium), Conflict in Mindanao (Medium), Multiple crises in the Philippines (Medium), Typhoons Toraji, Usagi, Man-yi, and Yinxing in Philippines (Medium), Typhoon Trami in Philippines (Medium), as of 29/07/25.</li></ul>","<ul><li>Philippines ranked 104 out of 165 countries in the Global Peace Index (2024).</li><li>Philippines ranked 114 out of 181 countries in the Corruption Perception Index (2024).</li><li>In Philippines there has been a total of 123,025 people displaced, with 193,055 new displacements in 2024 [<a href='https://data.humdata.org/dataset/idmc-internal-displacements-new-displacements-idps', target='_blank'>IDMC</a>].</li><li>There are 5 current crises and severity categories listed in the <a href=""https://www.acaps.org/en/thematics/all-topics/inform-severity-index"" target=""_blank"">INFORM Severity Index</a> for Philippines: 2024 Southwest Monsoon (Medium), Conflict in Mindanao (Medium), Multiple crises in the Philippines (Medium), Typhoons Toraji, Usagi, Man-yi, and Yinxing in Philippines (Medium), Typhoon Trami in Philippines (Medium), as of 29/07/25.</li></ul>"
pax,Portugal,154.0,PRT,235.0,620.0,POR,2.0,All,https://www.peaceagreements.org/tracker/all,https://www.peaceagreements.org/agreements/search/?search_type=basic-search&countries=154&match_any_issues=True&name=&text=&signed_after=&signed_before=,1,1,"<ul><li>The most recent agreement signed in Portugal was <a href=""https://www.peaceagreements.org/agreements/241/"" target=""_blank"">Agreement Between the Republic of Indonesia and the Portuguese Republic on the Question of East Timor (1999-05-05)</a>, as part of the East Timor-Indonesia peace process.</li><li>There has been a total of 1 agreement in Portugal, since the first agreement was signed in 1999 (<a href=""https://www.peaceagreements.org/agreements/241/"" target=""_blank"">Agreement Between the Republic of Indonesia and the Portuguese Republic on the Question of East Timor (1999-05-05)</a>), in 1 peace process (East Timor-Indonesia peace process).</li></ul>",,,,,,,,,,,,,,,,,,,,620.0,Portugal,1.0,418.0,0.0,16.0,0.0,46.0,0.0,529.0,-30.0,0.0,-111.0,1.0,-65.21739130434783,0.0,-20.982986767485823,0.0,2025-08-15,7.0,165,Portugal ranked 7 out of 165 countries in the Global Peace Index (2024).,43.0,181,Portugal ranked 43 out of 181 countries in the Corruption Perception Index (2024).,,,,, ,<ul><li>Portugal ranked 7 out of 165 countries in the Global Peace Index (2024).</li><li>Portugal ranked 43 out of 181 countries in the Corruption Perception Index (2024).</li></ul>
pax,Republic of Congo,35.0,COG,484.0,178.0,CON,2.0,All,https://www.peaceagreements.org/tracker/all,https://www.peaceagreements.org/agreements/search/?search_type=basic-search&countries=35&match_any_issues=True&name=&text=&signed_after=&signed_before=,7,2,"<ul><li>The most recent agreement signed in Republic of Congo was <a href=""https://www.peaceagreements.org/agreements/789/"" target=""_blank"">Peace, Security and Cooperation Framework for the Democratic Republic of the Congo and the region (2013-02-24)</a>, as part of the African Great Lakes: Regional Process.</li><li>There has been a total of 7 agreements in Republic of Congo, since the first agreement was signed in 1999 (<a href=""https://www.peaceagreements.org/agreements/198/"" target=""_blank"">Agreement on Ending Hostilities in the Republic of Congo (1999-11-16)</a>), in 2 peace processes (Republic of Congo peace process, African Great Lakes: Regional Process).</li></ul>",,,,,,,,,,,,,,,,,,,,178.0,Republic of Congo,17.0,16.0,0.0,2.0,0.0,1.0,1.0,6.0,1.0,0.0,10.0,16.0,100.0,0.0,166.66666666666669,1600.0,2025-08-15,110.0,165,Republic of the Congo ranked 110 out of 165 countries in the Global Peace Index (2024).,151.0,181,Congo ranked 151 out of 181 countries in the Corruption Perception Index (2024).,,"In Congo, Republic of the, there were no reported displacements in 2023 [<a href='https://data.humdata.org/dataset/idmc-internal-displacements-new-displacements-idps', target='_blank'>IDMC</a>].","There is 1 current crisis and severity category listed in the <a href=""https://www.acaps.org/en/thematics/all-topics/inform-severity-index"" target=""_blank"">INFORM Severity Index</a> for Congo: Complex crisis in Congo (Medium), as of 28/02/25.",,"<ul><li>In Congo, Republic of the, there were no reported displacements in 2023 [<a href='https://data.humdata.org/dataset/idmc-internal-displacements-new-displacements-idps', target='_blank'>IDMC</a>].</li><li>There is 1 current crisis and severity category listed in the <a href=""https://www.acaps.org/en/thematics/all-topics/inform-severity-index"" target=""_blank"">INFORM Severity Index</a> for Congo: Complex crisis in Congo (Medium), as of 28/02/25.</li></ul>","<ul><li>Republic of the Congo ranked 110 out of 165 countries in the Global Peace Index (2024).</li><li>Congo ranked 151 out of 181 countries in the Corruption Perception Index (2024).</li><li>In Congo, Republic of the, there were no reported displacements in 2023 [<a href='https://data.humdata.org/dataset/idmc-internal-displacements-new-displacements-idps', target='_blank'>IDMC</a>].</li><li>There is 1 current crisis and severity category listed in the <a href=""https://www.acaps.org/en/thematics/all-topics/inform-severity-index"" target=""_blank"">INFORM Severity Index</a> for Congo: Complex crisis in Congo (Medium), as of 28/02/25.</li></ul>"
pax,Russia,115.0,RUS,365.0,643.0,RUS,2.0,All,https://www.peaceagreements.org/tracker/all,https://www.peaceagreements.org/agreements/search/?search_type=basic-search&countries=115&match_any_issues=True&name=&text=&signed_after=&signed_before=,77,11,"<ul><li>The most recent agreement signed in Russia was <a href=""https://www.peaceagreements.org/agreements/2444/"" target=""_blank"">Initiative on the Safe Transportation of Grain and Foodstuffs from Ukrainian Ports (2022-07-22)</a>, as part of the Ukraine - Russia: interstate agreements.</li><li>There has been a total of 77 agreements in Russia, since the first agreement was signed in 1990 (<a href=""https://www.peaceagreements.org/agreements/1887/"" target=""_blank"">Treaty on the Final Settlement with Respect to Germany (four plus two agreement) (1990-09-12)</a>), in 11 peace processes (Chechnya peace process, Syrian peace process, Ukraine - Russia: interstate agreements, China-Russia border dispute peace process, South Ossetia peace process, Moldova Transdniestria process, Abkhazia peace process, Post-WWII Germany normalisation process, Armenia-Azerbaijan-Nagorno Karabakh: Process 1990s, Russia-China-Central Asian borders interstate process, North Korea - South Korea interstate process).</li></ul>",365.0,Russia (Soviet Union),10177.0,914.0,55.0,32.0,52.0,27.0,601.0,181.0,5.0,3.0,733.0,9576.0,18.51851851851852,5.769230769230769,404.97237569060775,1593.3444259567389,2025-07-31,643.0,Russia,5038.0,20419.0,53.0,1919.0,68.0,1640.0,1414.0,9912.0,279.0,-15.0,10507.0,3624.0,17.01219512195122,-22.058823529411764,106.00282485875707,256.2942008486563,2025-08-15,156.0,165,Russia ranked 156 out of 165 countries in the Global Peace Index (2024).,154.0,181,Russia ranked 154 out of 181 countries in the Corruption Perception Index (2024).,,"In Russia there has been a total of 170,517 people displaced, with 182,207 new displacements in 2024 [<a href='https://data.humdata.org/dataset/idmc-internal-displacements-new-displacements-idps', target='_blank'>IDMC</a>].","There is 1 current crisis and severity category listed in the <a href=""https://www.acaps.org/en/thematics/all-topics/inform-severity-index"" target=""_blank"">INFORM Severity Index</a> for Russia: Displacement from Ukraine to Russia (None), as of 30/07/25.",,"<ul><li>In Russia there has been a total of 170,517 people displaced, with 182,207 new displacements in 2024 [<a href='https://data.humdata.org/dataset/idmc-internal-displacements-new-displacements-idps', target='_blank'>IDMC</a>].</li><li>There is 1 current crisis and severity category listed in the <a href=""https://www.acaps.org/en/thematics/all-topics/inform-severity-index"" target=""_blank"">INFORM Severity Index</a> for Russia: Displacement from Ukraine to Russia (None), as of 30/07/25.</li></ul>","<ul><li>Russia ranked 156 out of 165 countries in the Global Peace Index (2024).</li><li>Russia ranked 154 out of 181 countries in the Corruption Perception Index (2024).</li><li>In Russia there has been a total of 170,517 people displaced, with 182,207 new displacements in 2024 [<a href='https://data.humdata.org/dataset/idmc-internal-displacements-new-displacements-idps', target='_blank'>IDMC</a>].</li><li>There is 1 current crisis and severity category listed in the <a href=""https://www.acaps.org/en/thematics/all-topics/inform-severity-index"" target=""_blank"">INFORM Severity Index</a> for Russia: Displacement from Ukraine to Russia (None), as of 30/07/25.</li></ul>"
pax,Rwanda,116.0,RWA,517.0,646.0,RWA,2.0,All,https://www.peaceagreements.org/tracker/all,https://www.peaceagreements.org/agreements/search/?search_type=basic-search&countries=116&match_any_issues=True&name=&text=&signed_after=&signed_before=,19,6,"<ul><li>The most recent agreement signed in Rwanda was <a href=""https://www.peaceagreements.org/agreements/2638/"" target=""_blank"">Second Ministerial Meeting on the Security and Peace Situation in the East of the Democratic Republic of Congo (2024-07-30)</a>, as part of the DRC: Angola-led process for Eastern DRC.</li><li>There has been a total of 19 agreements in Rwanda, since the first agreement was signed in 1992 (<a href=""https://www.peaceagreements.org/agreements/469/"" target=""_blank"">N’SELE Ceasefire Agreement 29 March 1991 between the Government of the Republic of Rwanda (GRR) and the Rwandese Patriotic Front as amended at Gbadolite on 16 September 1991 and at Arusha 12 July 1992 (1992-07-12)</a>), in 6 peace processes (Rwanda-RPF process, Rwanda-1990s international agreements, DRC: Second Congo war process, DRC: Eastern DRC processes, DRC: Angola-led process for Eastern DRC, African Great Lakes: Regional Process).</li></ul>",517.0,Rwanda,17.0,2.0,0.0,0.0,0.0,0.0,0.0,0.0,0.0,0.0,0.0,0.0,0.0,0.0,0.0,0.0,2025-07-31,646.0,Rwanda,23.0,24.0,0.0,0.0,0.0,1.0,4.0,11.0,0.0,0.0,13.0,19.0,0.0,0.0,118.18181818181819,475.0,2025-08-15,92.0,165,Rwanda ranked 92 out of 165 countries in the Global Peace Index (2024).,43.0,181,Rwanda ranked 43 out of 181 countries in the Corruption Perception Index (2024).,,,"There is 1 current crisis and severity category listed in the <a href=""https://www.acaps.org/en/thematics/all-topics/inform-severity-index"" target=""_blank"">INFORM Severity Index</a> for Rwanda: International displacement to Rwanda (Medium), as of 28/07/25.",,"<ul><li>There is 1 current crisis and severity category listed in the <a href=""https://www.acaps.org/en/thematics/all-topics/inform-severity-index"" target=""_blank"">INFORM Severity Index</a> for Rwanda: International displacement to Rwanda (Medium), as of 28/07/25.</li></ul>","<ul><li>Rwanda ranked 92 out of 165 countries in the Global Peace Index (2024).</li><li>Rwanda ranked 43 out of 181 countries in the Corruption Perception Index (2024).</li><li>There is 1 current crisis and severity category listed in the <a href=""https://www.acaps.org/en/thematics/all-topics/inform-severity-index"" target=""_blank"">INFORM Severity Index</a> for Rwanda: International displacement to Rwanda (Medium), as of 28/07/25.</li></ul>"
pax,Saudi Arabia,117.0,SAU,670.0,682.0,SAU,2.0,All,https://www.peaceagreements.org/tracker/all,https://www.peaceagreements.org/agreements/search/?search_type=basic-search&countries=117&match_any_issues=True&name=&text=&signed_after=&signed_before=,3,2,"<ul><li>The most recent agreement signed in Saudi Arabia was <a href=""https://www.peaceagreements.org/agreements/2558/"" target=""_blank"">Joint Trilateral Statement by the People’s Republic of China, the Kingdom of Saudi Arabia, and the Islamic Republic of Iran (2023-03-10)</a>, as part of the Iran-Saudi Arabia Process.</li><li>There has been a total of 3 agreements in Saudi Arabia, since the first agreement was signed in 1995 (<a href=""https://www.peaceagreements.org/agreements/535/"" target=""_blank"">Saudi-Yemeni Memorandum of Understanding (1995-02-26)</a>), in 2 peace processes (Saudi Arabia - Yemen Border process, Iran-Saudi Arabia Process).</li></ul>",670.0,Saudi Arabia,5.0,1.0,0.0,0.0,0.0,0.0,9.0,3.0,0.0,0.0,-2.0,-4.0,0.0,0.0,-66.66666666666666,-44.44444444444444,2025-07-31,682.0,Saudi Arabia,1.0,19.0,1.0,3.0,0.0,1.0,11.0,11.0,2.0,1.0,8.0,-10.0,200.0,0.0,72.72727272727273,-90.9090909090909,2025-08-15,102.0,165,Saudi Arabia ranked 102 out of 165 countries in the Global Peace Index (2024).,38.0,181,Saudi Arabia ranked 38 out of 181 countries in the Corruption Perception Index (2024).,,,,, ,<ul><li>Saudi Arabia ranked 102 out of 165 countries in the Global Peace Index (2024).</li><li>Saudi Arabia ranked 38 out of 181 countries in the Corruption Perception Index (2024).</li></ul>
pax,Senegal,118.0,SEN,433.0,686.0,SEN,2.0,All,https://www.peaceagreements.org/tracker/all,https://www.peaceagreements.org/agreements/search/?search_type=basic-search&countries=118&match_any_issues=True&name=&text=&signed_after=&signed_before=,3,1,"<ul><li>The most recent agreement signed in Senegal was <a href=""https://www.peaceagreements.org/agreements/2380/"" target=""_blank"">Joint Statement (2021-04-09)</a>, as part of the Casamance process.</li><li>There has been a total of 3 agreements in Senegal, since the first agreement was signed in 1991 (<a href=""https://www.peaceagreements.org/agreements/1720/"" target=""_blank"">Toubacouta Communique (1991-03-29)</a>), in 1 peace process (Casamance process).</li></ul>",,,,,,,,,,,,,,,,,,,,686.0,Senegal,8.0,190.0,0.0,12.0,3.0,23.0,21.0,179.0,-11.0,-3.0,11.0,-13.0,-47.82608695652174,-100.0,6.145251396648044,-61.904761904761905,2025-08-15,85.0,165,Senegal ranked 85 out of 165 countries in the Global Peace Index (2024).,69.0,181,Senegal ranked 69 out of 181 countries in the Corruption Perception Index (2024).,"In the current period of analysis (Mar 2025) by the <a href='https://data.humdata.org/dataset/global-acute-food-insecurity-country-data', target='_blank'>IPC</a>, 0% of the population of Senegal are in IPC Phase 3+ (in food crisis), an estimated 0 people.","In Senegal, there has been a total of 5,922 people displaced as of end of 2024 [<a href='https://data.humdata.org/dataset/idmc-internal-displacements-new-displacements-idps', target='_blank'>IDMC</a>].","There is 1 current crisis and severity category listed in the <a href=""https://www.acaps.org/en/thematics/all-topics/inform-severity-index"" target=""_blank"">INFORM Severity Index</a> for Senegal: Climatic shocks and economic vulnerability in Senegal (Medium), as of 29/07/25.",,"<ul><li>In the current period of analysis (Mar 2025) by the <a href='https://data.humdata.org/dataset/global-acute-food-insecurity-country-data', target='_blank'>IPC</a>, 0% of the population of Senegal are in IPC Phase 3+ (in food crisis), an estimated 0 people.</li><li>In Senegal, there has been a total of 5,922 people displaced as of end of 2024 [<a href='https://data.humdata.org/dataset/idmc-internal-displacements-new-displacements-idps', target='_blank'>IDMC</a>].</li><li>There is 1 current crisis and severity category listed in the <a href=""https://www.acaps.org/en/thematics/all-topics/inform-severity-index"" target=""_blank"">INFORM Severity Index</a> for Senegal: Climatic shocks and economic vulnerability in Senegal (Medium), as of 29/07/25.</li></ul>","<ul><li>Senegal ranked 85 out of 165 countries in the Global Peace Index (2024).</li><li>Senegal ranked 69 out of 181 countries in the Corruption Perception Index (2024).</li><li>In the current period of analysis (Mar 2025) by the <a href='https://data.humdata.org/dataset/global-acute-food-insecurity-country-data', target='_blank'>IPC</a>, 0% of the population of Senegal are in IPC Phase 3+ (in food crisis), an estimated 0 people.</li><li>In Senegal, there has been a total of 5,922 people displaced as of end of 2024 [<a href='https://data.humdata.org/dataset/idmc-internal-displacements-new-displacements-idps', target='_blank'>IDMC</a>].</li><li>There is 1 current crisis and severity category listed in the <a href=""https://www.acaps.org/en/thematics/all-topics/inform-severity-index"" target=""_blank"">INFORM Severity Index</a> for Senegal: Climatic shocks and economic vulnerability in Senegal (Medium), as of 29/07/25.</li></ul>"
pax,Serbia,50.0,SRB,345.0,688.0,SER,2.0,All,https://www.peaceagreements.org/tracker/all,https://www.peaceagreements.org/agreements/search/?search_type=basic-search&countries=50&match_any_issues=True&name=&text=&signed_after=&signed_before=,31,3,"<ul><li>The most recent agreement signed in Serbia was <a href=""https://www.peaceagreements.org/agreements/2566/"" target=""_blank"">Belgrade-Pristina Dialogue: Implementation Annex to the Agreement on the Path to Normalisation of Relations between Kosovo and Serbia (2023-03-18)</a>, as part of the Kosovo-Serbia Normalisation Process.</li><li>There has been a total of 31 agreements in Serbia, since the first agreement was signed in 1998 (<a href=""https://www.peaceagreements.org/agreements/1221/"" target=""_blank"">Statement of the Contact Group (1998-04-29)</a>), in 3 peace processes (Presevo Valley process, Kosovo process, Kosovo-Serbia Normalisation Process).</li></ul>",,,,,,,,,,,,,,,,,,,,688.0,Serbia,1.0,2370.0,0.0,204.0,0.0,254.0,2.0,336.0,-50.0,0.0,2034.0,-1.0,-19.68503937007874,0.0,605.3571428571429,-50.0,2025-08-15,54.0,165,Serbia ranked 54 out of 165 countries in the Global Peace Index (2024).,105.0,181,Serbia ranked 105 out of 181 countries in the Corruption Perception Index (2024).,,"In Serbia, there has been a total of 194,171 people displaced as of end of 2024 [<a href='https://data.humdata.org/dataset/idmc-internal-displacements-new-displacements-idps', target='_blank'>IDMC</a>].",,,"<ul><li>In Serbia, there has been a total of 194,171 people displaced as of end of 2024 [<a href='https://data.humdata.org/dataset/idmc-internal-displacements-new-displacements-idps', target='_blank'>IDMC</a>].</li></ul>","<ul><li>Serbia ranked 54 out of 165 countries in the Global Peace Index (2024).</li><li>Serbia ranked 105 out of 181 countries in the Corruption Perception Index (2024).</li><li>In Serbia, there has been a total of 194,171 people displaced as of end of 2024 [<a href='https://data.humdata.org/dataset/idmc-internal-displacements-new-displacements-idps', target='_blank'>IDMC</a>].</li></ul>"
pax,Sierra Leone,121.0,SLE,451.0,694.0,SIE,2.0,All,https://www.peaceagreements.org/tracker/all,https://www.peaceagreements.org/agreements/search/?search_type=basic-search&countries=121&match_any_issues=True&name=&text=&signed_after=&signed_before=,9,1,"<ul><li>The most recent agreement signed in Sierra Leone was <a href=""https://www.peaceagreements.org/agreements/1050/"" target=""_blank"">Communiqué on the Cessation of Hostilities between the Civil Defense Force (CDF) and the Revolutionary United Front (RUF) (2001-05-15)</a>, as part of the Sierra Leone peace process.</li><li>There has been a total of 9 agreements in Sierra Leone, since the first agreement was signed in 1996 (<a href=""https://www.peaceagreements.org/agreements/476/"" target=""_blank"">Peace Agreement between the Government of the Republic of Sierra Leone and the Revolutionary United Front of Sierra Leone, signed at Abidjan ('Abidjan Accord') (1996-11-30)</a>), in 1 peace process (Sierra Leone peace process).</li></ul>",,,,,,,,,,,,,,,,,,,,694.0,Sierra Leone,8.0,24.0,1.0,2.0,0.0,2.0,7.0,18.0,0.0,1.0,6.0,1.0,0.0,0.0,33.33333333333333,14.285714285714285,2025-08-15,66.0,165,Sierra Leone ranked 66 out of 165 countries in the Global Peace Index (2024).,114.0,181,Sierra Leone ranked 114 out of 181 countries in the Corruption Perception Index (2024).,"In the current period of analysis (Mar 2025) by the <a href='https://data.humdata.org/dataset/global-acute-food-insecurity-country-data', target='_blank'>IPC</a>, 11% of the population of Sierra Leone are in IPC Phase 3+ (in food crisis), an estimated 911605 people. 1% (57075 people) are estimated to be in Phase 4 (emergency).","In Sierra Leone, there were no reported displacements in 2024 [<a href='https://data.humdata.org/dataset/idmc-internal-displacements-new-displacements-idps', target='_blank'>IDMC</a>].",,,"<ul><li>In the current period of analysis (Mar 2025) by the <a href='https://data.humdata.org/dataset/global-acute-food-insecurity-country-data', target='_blank'>IPC</a>, 11% of the population of Sierra Leone are in IPC Phase 3+ (in food crisis), an estimated 911605 people. 1% (57075 people) are estimated to be in Phase 4 (emergency).</li><li>In Sierra Leone, there were no reported displacements in 2024 [<a href='https://data.humdata.org/dataset/idmc-internal-displacements-new-displacements-idps', target='_blank'>IDMC</a>].</li></ul>","<ul><li>Sierra Leone ranked 66 out of 165 countries in the Global Peace Index (2024).</li><li>Sierra Leone ranked 114 out of 181 countries in the Corruption Perception Index (2024).</li><li>In the current period of analysis (Mar 2025) by the <a href='https://data.humdata.org/dataset/global-acute-food-insecurity-country-data', target='_blank'>IPC</a>, 11% of the population of Sierra Leone are in IPC Phase 3+ (in food crisis), an estimated 911605 people. 1% (57075 people) are estimated to be in Phase 4 (emergency).</li><li>In Sierra Leone, there were no reported displacements in 2024 [<a href='https://data.humdata.org/dataset/idmc-internal-displacements-new-displacements-idps', target='_blank'>IDMC</a>].</li></ul>"
pax,Slovenia,122.0,SVN,349.0,705.0,SLV,2.0,All,https://www.peaceagreements.org/tracker/all,https://www.peaceagreements.org/agreements/search/?search_type=basic-search&countries=122&match_any_issues=True&name=&text=&signed_after=&signed_before=,3,2,"<ul><li>The most recent agreement signed in Slovenia was <a href=""https://www.peaceagreements.org/agreements/1229/"" target=""_blank"">Memorandum of Understanding on the Monitor Mission to Yugoslavia (1991-07-13)</a>, as part of the Dissolution of Yugoslavia.</li><li>There has been a total of 3 agreements in Slovenia, since the first agreement was signed in 1991 (<a href=""https://www.peaceagreements.org/agreements/1228/"" target=""_blank"">Proposal by the President of the Presidency of FSRY accepted by the Presidency of Slovenia regarding the Crisis in Slovenia (1991-07-02)</a>), in 2 peace processes (Dissolution of Yugoslavia, Croatia negotiation process).</li></ul>",,,,,,,,,,,,,,,,,,,,705.0,Slovenia,0.0,102.0,0.0,5.0,0.0,15.0,0.0,82.0,-10.0,0.0,20.0,0.0,-66.66666666666666,0.0,24.390243902439025,0.0,2025-08-15,9.0,165,Slovenia ranked 9 out of 165 countries in the Global Peace Index (2024).,36.0,181,Slovenia ranked 36 out of 181 countries in the Corruption Perception Index (2024).,,,,, ,<ul><li>Slovenia ranked 9 out of 165 countries in the Global Peace Index (2024).</li><li>Slovenia ranked 36 out of 181 countries in the Corruption Perception Index (2024).</li></ul>
pax,Solomon Islands,123.0,SLB,940.0,90.0,SOL,2.0,All,https://www.peaceagreements.org/tracker/all,https://www.peaceagreements.org/agreements/search/?search_type=basic-search&countries=123&match_any_issues=True&name=&text=&signed_after=&signed_before=,3,1,"<ul><li>The most recent agreement signed in Solomon Islands was <a href=""https://www.peaceagreements.org/agreements/1663/"" target=""_blank"">Marau Peace Agreement (2001-02-07)</a>, as part of the Solomon Islands peace process.</li><li>There has been a total of 3 agreements in Solomon Islands, since the first agreement was signed in 1999 (<a href=""https://www.peaceagreements.org/agreements/399/"" target=""_blank"">Honiara Peace Accord (1999-06-28)</a>), in 1 peace process (Solomon Islands peace process).</li></ul>",,,,,,,,,,,,,,,,,,,,,,,,,,,,,,,,,,,,,,,,165,,76.0,181,Solomon Islands ranked 76 out of 181 countries in the Corruption Perception Index (2024).,,"In Solomon Islands there has been a total of 11 people displaced, with 11 new displacements in 2024 [<a href='https://data.humdata.org/dataset/idmc-internal-displacements-new-displacements-idps', target='_blank'>IDMC</a>].",,,"<ul><li>In Solomon Islands there has been a total of 11 people displaced, with 11 new displacements in 2024 [<a href='https://data.humdata.org/dataset/idmc-internal-displacements-new-displacements-idps', target='_blank'>IDMC</a>].</li></ul>","<ul><li>Solomon Islands ranked 76 out of 181 countries in the Corruption Perception Index (2024).</li><li>In Solomon Islands there has been a total of 11 people displaced, with 11 new displacements in 2024 [<a href='https://data.humdata.org/dataset/idmc-internal-displacements-new-displacements-idps', target='_blank'>IDMC</a>].</li></ul>"
pax,Somalia,124.0,SOM,520.0,706.0,SOM,1.0,Somalia,https://www.peaceagreements.org/tracker/somalia,https://www.peaceagreements.org/agreements/search/?search_type=basic-search&countries=124&match_any_issues=True&name=&text=&signed_after=&signed_before=,56,4,"<ul><li>The most recent agreement signed in Somalia was <a href=""https://www.peaceagreements.org/agreements/2469/"" target=""_blank"">Conference of the National Consultation Council on Somali Affairs’s (Election Agreement) (2021-05-27)</a>, as part of the Somalia Peace Process.</li><li>There has been a total of 56 agreements in Somalia, since the first agreement was signed in 1992 (<a href=""https://www.peaceagreements.org/agreements/1678/"" target=""_blank"">Pledge signed at the United Nations Headquarters on 14 February 1992 by Mr Mohamed Qanyare Afah, Head of the delegation of the Interim Government of Somalia (1992-02-14)</a>), in 4 peace processes (Somalia Peace Process, Somalia-Puntland Peace Process, Somali Local Peace Processes, Eritrea-Ethiopia border dispute peace process).</li></ul>",520.0,Somalia,3287.0,247.0,143.0,28.0,523.0,42.0,2886.0,164.0,-14.0,-380.0,83.0,401.0,-33.33333333333333,-72.65774378585085,50.609756097560975,13.894663894663895,2025-07-31,706.0,Somalia,8814.0,4718.0,887.0,623.0,953.0,618.0,7134.0,3371.0,5.0,-66.0,1347.0,1680.0,0.8090614886731391,-6.925498426023085,39.95846929694453,23.549201009251473,2025-08-15,153.0,165,Somalia ranked 153 out of 165 countries in the Global Peace Index (2024).,179.0,181,Somalia ranked 179 out of 181 countries in the Corruption Perception Index (2024).,"In the current period of analysis (Jan 2025) by the <a href='https://data.humdata.org/dataset/global-acute-food-insecurity-country-data', target='_blank'>IPC</a>, 17% of the population of Somalia are in IPC Phase 3+ (in food crisis), an estimated 3396180 people. 2% (442430 people) are estimated to be in Phase 4 (emergency).","In Somalia there has been a total of 3,135,940 people displaced, with 316,316 new displacements in 2024 [<a href='https://data.humdata.org/dataset/idmc-internal-displacements-new-displacements-idps', target='_blank'>IDMC</a>].","There are 2 current crises and severity categories listed in the <a href=""https://www.acaps.org/en/thematics/all-topics/inform-severity-index"" target=""_blank"">INFORM Severity Index</a> for Somalia: Complex crisis in Somalia (Very High), International displacement to Somalia (Medium), as of 23/07/25.","Somalia is one of 12 focus countries in the UK's WPS <a href='https://assets.publishing.service.gov.uk/government/uploads/system/uploads/attachment_data/file/1156085/uk-women-peace-security-national-action-plan-2023-2027.pdf', target='_blank'>National Action Plan</a> for 2023-2027. ","<ul><li>In the current period of analysis (Jan 2025) by the <a href='https://data.humdata.org/dataset/global-acute-food-insecurity-country-data', target='_blank'>IPC</a>, 17% of the population of Somalia are in IPC Phase 3+ (in food crisis), an estimated 3396180 people. 2% (442430 people) are estimated to be in Phase 4 (emergency).</li><li>In Somalia there has been a total of 3,135,940 people displaced, with 316,316 new displacements in 2024 [<a href='https://data.humdata.org/dataset/idmc-internal-displacements-new-displacements-idps', target='_blank'>IDMC</a>].</li><li>There are 2 current crises and severity categories listed in the <a href=""https://www.acaps.org/en/thematics/all-topics/inform-severity-index"" target=""_blank"">INFORM Severity Index</a> for Somalia: Complex crisis in Somalia (Very High), International displacement to Somalia (Medium), as of 23/07/25.</li><li>Somalia is one of 12 focus countries in the UK's WPS <a href='https://assets.publishing.service.gov.uk/government/uploads/system/uploads/attachment_data/file/1156085/uk-women-peace-security-national-action-plan-2023-2027.pdf', target='_blank'>National Action Plan</a> for 2023-2027.</li></ul>","<ul><li>Somalia ranked 153 out of 165 countries in the Global Peace Index (2024).</li><li>Somalia ranked 179 out of 181 countries in the Corruption Perception Index (2024).</li><li>In the current period of analysis (Jan 2025) by the <a href='https://data.humdata.org/dataset/global-acute-food-insecurity-country-data', target='_blank'>IPC</a>, 17% of the population of Somalia are in IPC Phase 3+ (in food crisis), an estimated 3396180 people. 2% (442430 people) are estimated to be in Phase 4 (emergency).</li><li>In Somalia there has been a total of 3,135,940 people displaced, with 316,316 new displacements in 2024 [<a href='https://data.humdata.org/dataset/idmc-internal-displacements-new-displacements-idps', target='_blank'>IDMC</a>].</li><li>There are 2 current crises and severity categories listed in the <a href=""https://www.acaps.org/en/thematics/all-topics/inform-severity-index"" target=""_blank"">INFORM Severity Index</a> for Somalia: Complex crisis in Somalia (Very High), International displacement to Somalia (Medium), as of 23/07/25.</li><li>Somalia is one of 12 focus countries in the UK's WPS <a href='https://assets.publishing.service.gov.uk/government/uploads/system/uploads/attachment_data/file/1156085/uk-women-peace-security-national-action-plan-2023-2027.pdf', target='_blank'>National Action Plan</a> for 2023-2027.</li></ul>"
pax,South Africa,125.0,ZAF,560.0,710.0,SAF,2.0,All,https://www.peaceagreements.org/tracker/all,https://www.peaceagreements.org/agreements/search/?search_type=basic-search&countries=125&match_any_issues=True&name=&text=&signed_after=&signed_before=,16,3,"<ul><li>The most recent agreement signed in South Africa was <a href=""https://www.peaceagreements.org/agreements/789/"" target=""_blank"">Peace, Security and Cooperation Framework for the Democratic Republic of the Congo and the region (2013-02-24)</a>, as part of the African Great Lakes: Regional Process.</li><li>There has been a total of 16 agreements in South Africa, since the first agreement was signed in 1990 (<a href=""https://www.peaceagreements.org/agreements/395/"" target=""_blank"">Groot Schuur Minute (1990-05-04)</a>), in 3 peace processes (South Africa peace process, South Africa - Namibia process, African Great Lakes: Regional Process).</li></ul>",,,,,,,,,,,,,,,,,,,,710.0,South Africa,199.0,1904.0,7.0,156.0,17.0,143.0,266.0,1700.0,13.0,-10.0,204.0,-67.0,9.090909090909092,-58.82352941176471,12.0,-25.18796992481203,2025-08-15,127.0,165,South Africa ranked 127 out of 165 countries in the Global Peace Index (2024).,82.0,181,South Africa ranked 82 out of 181 countries in the Corruption Perception Index (2024).,"In the current period of analysis (Oct 2020) by the <a href='https://data.humdata.org/dataset/global-acute-food-insecurity-country-data', target='_blank'>IPC</a>, 16% of the population of South Africa are in IPC Phase 3+ (in food crisis), an estimated 9335159 people. 2% (1160087 people) are estimated to be in Phase 4 (emergency).","In South Africa there has been a total of 29 people displaced, with 29 new displacements in 2024 [<a href='https://data.humdata.org/dataset/idmc-internal-displacements-new-displacements-idps', target='_blank'>IDMC</a>].",,,"<ul><li>In the current period of analysis (Oct 2020) by the <a href='https://data.humdata.org/dataset/global-acute-food-insecurity-country-data', target='_blank'>IPC</a>, 16% of the population of South Africa are in IPC Phase 3+ (in food crisis), an estimated 9335159 people. 2% (1160087 people) are estimated to be in Phase 4 (emergency).</li><li>In South Africa there has been a total of 29 people displaced, with 29 new displacements in 2024 [<a href='https://data.humdata.org/dataset/idmc-internal-displacements-new-displacements-idps', target='_blank'>IDMC</a>].</li></ul>","<ul><li>South Africa ranked 127 out of 165 countries in the Global Peace Index (2024).</li><li>South Africa ranked 82 out of 181 countries in the Corruption Perception Index (2024).</li><li>In the current period of analysis (Oct 2020) by the <a href='https://data.humdata.org/dataset/global-acute-food-insecurity-country-data', target='_blank'>IPC</a>, 16% of the population of South Africa are in IPC Phase 3+ (in food crisis), an estimated 9335159 people. 2% (1160087 people) are estimated to be in Phase 4 (emergency).</li><li>In South Africa there has been a total of 29 people displaced, with 29 new displacements in 2024 [<a href='https://data.humdata.org/dataset/idmc-internal-displacements-new-displacements-idps', target='_blank'>IDMC</a>].</li></ul>"
pax,South Korea,126.0,KOR,732.0,410.0,ROK,2.0,All,https://www.peaceagreements.org/tracker/all,https://www.peaceagreements.org/agreements/search/?search_type=basic-search&countries=126&match_any_issues=True&name=&text=&signed_after=&signed_before=,7,1,"<ul><li>The most recent agreement signed in South Korea was <a href=""https://www.peaceagreements.org/agreements/2105/"" target=""_blank"">September 19th Pyongyang Declaration (2018-09-19)</a>, as part of the North Korea - South Korea interstate process.</li><li>There has been a total of 7 agreements in South Korea, since the first agreement was signed in 1991 (<a href=""https://www.peaceagreements.org/agreements/1232/"" target=""_blank"">Agreement on Reconciliation, Non-Aggression, and Exchanges and Cooperation between South and North Korea (1991-12-13)</a>), in 1 peace process (North Korea - South Korea interstate process).</li></ul>",,,,,,,,,,,,,,,,,,,,410.0,South Korea,0.0,6355.0,0.0,471.0,0.0,612.0,0.0,4244.0,-141.0,0.0,2111.0,0.0,-23.03921568627451,0.0,49.74081055607917,0.0,2025-08-15,46.0,165,South Korea ranked 46 out of 165 countries in the Global Peace Index (2024).,30.0,181,"Korea, South ranked 30 out of 181 countries in the Corruption Perception Index (2024).",,,,, ,"<ul><li>South Korea ranked 46 out of 165 countries in the Global Peace Index (2024).</li><li>Korea, South ranked 30 out of 181 countries in the Corruption Perception Index (2024).</li></ul>"
pax,South Sudan,127.0,SSD,626.0,728.0,SSD,1.0,South Sudan,https://www.peaceagreements.org/tracker/south-sudan,https://www.peaceagreements.org/agreements/search/?search_type=basic-search&countries=127&match_any_issues=True&name=&text=&signed_after=&signed_before=,160,8,"<ul><li>The most recent agreement signed in South Sudan was <a href=""https://www.peaceagreements.org/agreements/2715/"" target=""_blank"">Status of the Tumaini Initiative (2024-12-14)</a>, as part of the South Sudan post-secession process.</li><li>There has been a total of 160 agreements in South Sudan, since the first agreement was signed in 1992 (<a href=""https://www.peaceagreements.org/agreements/1021/"" target=""_blank"">Communique of the Abuja Sudanese Peace Conference (1992-06-04)</a>), in 8 peace processes (Sudanese (North-South) peace process, Kordofan - Blue Nile - Abyei process, South Sudan: Pre-secession Local Peace Processes, North - South Sudan secession process, Darfur-Sudan peace process, South Sudan: Post-secession Local agreements, South Sudan post-secession process, African Great Lakes: Regional Process).</li></ul>",626.0,South Sudan,43.0,2.0,0.0,0.0,0.0,0.0,82.0,2.0,0.0,0.0,0.0,-39.0,0.0,0.0,0.0,-47.5609756097561,2025-07-31,728.0,South Sudan,2833.0,1840.0,201.0,157.0,118.0,171.0,2228.0,1444.0,-14.0,83.0,396.0,605.0,-8.187134502923977,70.33898305084746,27.42382271468144,27.15439856373429,2025-08-15,161.0,165,South Sudan ranked 161 out of 165 countries in the Global Peace Index (2024).,180.0,181,South Sudan ranked 180 out of 181 countries in the Corruption Perception Index (2024).,"In the current period of analysis (Sep 2024) by the <a href='https://data.humdata.org/dataset/global-acute-food-insecurity-country-data', target='_blank'>IPC</a>, 47% of the population of South Sudan are in IPC Phase 3+ (in food crisis), an estimated 6312000 people. 13% (1707000 people) are estimated to be in Phase 4 (emergency). 41000 (0.0%) are in Phase 5 (catastrophe/famine).","In South Sudan there has been a total of 944,631 people displaced, with 269,274 new displacements in 2024 [<a href='https://data.humdata.org/dataset/idmc-internal-displacements-new-displacements-idps', target='_blank'>IDMC</a>].","There are 2 current crises and severity categories listed in the <a href=""https://www.acaps.org/en/thematics/all-topics/inform-severity-index"" target=""_blank"">INFORM Severity Index</a> for South Sudan: Complex crisis in South Sudan (Very High), Displacement from Sudan to South Sudan (High), as of 28/07/25.","South Sudan is one of 12 focus countries in the UK's WPS <a href='https://assets.publishing.service.gov.uk/government/uploads/system/uploads/attachment_data/file/1156085/uk-women-peace-security-national-action-plan-2023-2027.pdf', target='_blank'>National Action Plan</a> for 2023-2027. ","<ul><li>In the current period of analysis (Sep 2024) by the <a href='https://data.humdata.org/dataset/global-acute-food-insecurity-country-data', target='_blank'>IPC</a>, 47% of the population of South Sudan are in IPC Phase 3+ (in food crisis), an estimated 6312000 people. 13% (1707000 people) are estimated to be in Phase 4 (emergency). 41000 (0.0%) are in Phase 5 (catastrophe/famine).</li><li>In South Sudan there has been a total of 944,631 people displaced, with 269,274 new displacements in 2024 [<a href='https://data.humdata.org/dataset/idmc-internal-displacements-new-displacements-idps', target='_blank'>IDMC</a>].</li><li>There are 2 current crises and severity categories listed in the <a href=""https://www.acaps.org/en/thematics/all-topics/inform-severity-index"" target=""_blank"">INFORM Severity Index</a> for South Sudan: Complex crisis in South Sudan (Very High), Displacement from Sudan to South Sudan (High), as of 28/07/25.</li><li>South Sudan is one of 12 focus countries in the UK's WPS <a href='https://assets.publishing.service.gov.uk/government/uploads/system/uploads/attachment_data/file/1156085/uk-women-peace-security-national-action-plan-2023-2027.pdf', target='_blank'>National Action Plan</a> for 2023-2027.</li></ul>","<ul><li>South Sudan ranked 161 out of 165 countries in the Global Peace Index (2024).</li><li>South Sudan ranked 180 out of 181 countries in the Corruption Perception Index (2024).</li><li>In the current period of analysis (Sep 2024) by the <a href='https://data.humdata.org/dataset/global-acute-food-insecurity-country-data', target='_blank'>IPC</a>, 47% of the population of South Sudan are in IPC Phase 3+ (in food crisis), an estimated 6312000 people. 13% (1707000 people) are estimated to be in Phase 4 (emergency). 41000 (0.0%) are in Phase 5 (catastrophe/famine).</li><li>In South Sudan there has been a total of 944,631 people displaced, with 269,274 new displacements in 2024 [<a href='https://data.humdata.org/dataset/idmc-internal-displacements-new-displacements-idps', target='_blank'>IDMC</a>].</li><li>There are 2 current crises and severity categories listed in the <a href=""https://www.acaps.org/en/thematics/all-topics/inform-severity-index"" target=""_blank"">INFORM Severity Index</a> for South Sudan: Complex crisis in South Sudan (Very High), Displacement from Sudan to South Sudan (High), as of 28/07/25.</li><li>South Sudan is one of 12 focus countries in the UK's WPS <a href='https://assets.publishing.service.gov.uk/government/uploads/system/uploads/attachment_data/file/1156085/uk-women-peace-security-national-action-plan-2023-2027.pdf', target='_blank'>National Action Plan</a> for 2023-2027.</li></ul>"
pax,Spain,128.0,ESP,230.0,724.0,SPN,2.0,All,https://www.peaceagreements.org/tracker/all,https://www.peaceagreements.org/agreements/search/?search_type=basic-search&countries=128&match_any_issues=True&name=&text=&signed_after=&signed_before=,3,1,"<ul><li>The most recent agreement signed in Spain was <a href=""https://www.peaceagreements.org/agreements/1439/"" target=""_blank"">Basque Ceasefire Statement (2011-10-01)</a>, as part of the Spain - Basque internal process.</li><li>There has been a total of 3 agreements in Spain, since the first agreement was signed in 1998 (<a href=""https://www.peaceagreements.org/agreements/70/"" target=""_blank"">The Lizarra Declaration (1998-09-12)</a>), in 1 peace process (Spain - Basque internal process).</li></ul>",,,,,,,,,,,,,,,,,,,,724.0,Spain,2.0,3804.0,0.0,218.0,1.0,319.0,1.0,3787.0,-101.0,-1.0,17.0,1.0,-31.661442006269592,-100.0,0.44890414576181675,100.0,2025-08-15,23.0,165,Spain ranked 23 out of 165 countries in the Global Peace Index (2024).,46.0,181,Spain ranked 46 out of 181 countries in the Corruption Perception Index (2024).,,,"There is 1 current crisis and severity category listed in the <a href=""https://www.acaps.org/en/thematics/all-topics/inform-severity-index"" target=""_blank"">INFORM Severity Index</a> for Spain: International displacement to Spain (Low), as of 29/07/25.",,"<ul><li>There is 1 current crisis and severity category listed in the <a href=""https://www.acaps.org/en/thematics/all-topics/inform-severity-index"" target=""_blank"">INFORM Severity Index</a> for Spain: International displacement to Spain (Low), as of 29/07/25.</li></ul>","<ul><li>Spain ranked 23 out of 165 countries in the Global Peace Index (2024).</li><li>Spain ranked 46 out of 181 countries in the Corruption Perception Index (2024).</li><li>There is 1 current crisis and severity category listed in the <a href=""https://www.acaps.org/en/thematics/all-topics/inform-severity-index"" target=""_blank"">INFORM Severity Index</a> for Spain: International displacement to Spain (Low), as of 29/07/25.</li></ul>"
pax,Sri Lanka,129.0,LKA,780.0,144.0,SRI,2.0,All,https://www.peaceagreements.org/tracker/all,https://www.peaceagreements.org/agreements/search/?search_type=basic-search&countries=129&match_any_issues=True&name=&text=&signed_after=&signed_before=,25,2,"<ul><li>The most recent agreement signed in Sri Lanka was <a href=""https://www.peaceagreements.org/agreements/1157/"" target=""_blank"">Statement read out by the Norwegian Facilitator Erik Solheim (2006-02-24)</a>, as part of the Sri Lanka LTTE 2002 onward process.</li><li>There has been a total of 25 agreements in Sri Lanka, since the first agreement was signed in 1995 (<a href=""https://www.peaceagreements.org/agreements/355/"" target=""_blank"">Declaration of Cessation of Hostilities (1995-01-05)</a>), in 2 peace processes (Sri Lanka Kumaratunga/Devolution Processes, Sri Lanka LTTE 2002 onward process).</li></ul>",,,,,,,,,,,,,,,,,,,,144.0,Sri Lanka,8.0,698.0,3.0,99.0,0.0,79.0,7.0,823.0,20.0,3.0,-125.0,1.0,25.31645569620253,0.0,-15.188335358444716,14.285714285714285,2025-08-15,100.0,165,Sri Lanka ranked 100 out of 165 countries in the Global Peace Index (2024).,121.0,181,Sri Lanka ranked 121 out of 181 countries in the Corruption Perception Index (2024).,,"In Sri Lanka, there has been a total of 4,806 people displaced as of end of 2024 [<a href='https://data.humdata.org/dataset/idmc-internal-displacements-new-displacements-idps', target='_blank'>IDMC</a>].","There are 4 current crises and severity categories listed in the <a href=""https://www.acaps.org/en/thematics/all-topics/inform-severity-index"" target=""_blank"">INFORM Severity Index</a> for Sri Lanka: 2024 Floods and Monsoon Rain (Low), 2024 Inter-monsoon Floods in Sri Lanka (Low), Cyclone Fengal Sri Lanka (Low), Multiple crises in Sri Lanka (Low), as of 16/01/25.",,"<ul><li>In Sri Lanka, there has been a total of 4,806 people displaced as of end of 2024 [<a href='https://data.humdata.org/dataset/idmc-internal-displacements-new-displacements-idps', target='_blank'>IDMC</a>].</li><li>There are 4 current crises and severity categories listed in the <a href=""https://www.acaps.org/en/thematics/all-topics/inform-severity-index"" target=""_blank"">INFORM Severity Index</a> for Sri Lanka: 2024 Floods and Monsoon Rain (Low), 2024 Inter-monsoon Floods in Sri Lanka (Low), Cyclone Fengal Sri Lanka (Low), Multiple crises in Sri Lanka (Low), as of 16/01/25.</li></ul>","<ul><li>Sri Lanka ranked 100 out of 165 countries in the Global Peace Index (2024).</li><li>Sri Lanka ranked 121 out of 181 countries in the Corruption Perception Index (2024).</li><li>In Sri Lanka, there has been a total of 4,806 people displaced as of end of 2024 [<a href='https://data.humdata.org/dataset/idmc-internal-displacements-new-displacements-idps', target='_blank'>IDMC</a>].</li><li>There are 4 current crises and severity categories listed in the <a href=""https://www.acaps.org/en/thematics/all-topics/inform-severity-index"" target=""_blank"">INFORM Severity Index</a> for Sri Lanka: 2024 Floods and Monsoon Rain (Low), 2024 Inter-monsoon Floods in Sri Lanka (Low), Cyclone Fengal Sri Lanka (Low), Multiple crises in Sri Lanka (Low), as of 16/01/25.</li></ul>"
pax,Sudan,130.0,SDN,625.0,729.0,SUD,1.0,Sudan,https://www.peaceagreements.org/tracker/sudan,https://www.peaceagreements.org/agreements/search/?search_type=basic-search&countries=130&match_any_issues=True&name=&text=&signed_after=&signed_before=,137,12,"<ul><li>The most recent agreement signed in Sudan was <a href=""https://www.peaceagreements.org/agreements/2732/"" target=""_blank"">ALPS Group Humanitarian Access Agreement in Sudan (2024-08-23)</a>, as part of the Sudan Transition Process.</li><li>There has been a total of 137 agreements in Sudan, since the first agreement was signed in 1992 (<a href=""https://www.peaceagreements.org/agreements/1021/"" target=""_blank"">Communique of the Abuja Sudanese Peace Conference (1992-06-04)</a>), in 12 peace processes (Sudanese (North-South) peace process, Sudan Local Processes, Kordofan - Blue Nile - Abyei process, Darfur-Sudan peace process, Eastern Sudanese Peace Process, Sudan Transition Process, Eritrea-Sudan peace process, South Sudan: Pre-secession Local Peace Processes, Chad-Sudan Agreements, North - South Sudan secession process, CAR - Sudan: local cross-border agreements, African Great Lakes: Regional Process).</li></ul>",625.0,Sudan,10399.0,697.0,944.0,30.0,347.0,34.0,6808.0,492.0,-4.0,597.0,205.0,3591.0,-11.76470588235294,172.04610951008647,41.66666666666667,52.74676850763807,2025-07-31,729.0,Sudan,20446.0,6512.0,852.0,254.0,1287.0,335.0,14681.0,6868.0,-81.0,-435.0,-356.0,5765.0,-24.17910447761194,-33.7995337995338,-5.18345952242283,39.26844220420953,2025-08-15,162.0,165,Sudan ranked 162 out of 165 countries in the Global Peace Index (2024).,170.0,181,Sudan ranked 170 out of 181 countries in the Corruption Perception Index (2024).,"In the current period of analysis (Apr 2024) by the <a href='https://data.humdata.org/dataset/global-acute-food-insecurity-country-data', target='_blank'>IPC</a>, 45% of the population of Sudan are in IPC Phase 3+ (in food crisis), an estimated 21311946 people. 14% (6554877 people) are estimated to be in Phase 4 (emergency). 153152 (0.0%) are in Phase 5 (catastrophe/famine).","In Sudan there has been a total of 11,559,970 people displaced, with 3,777,679 new displacements in 2024 [<a href='https://data.humdata.org/dataset/idmc-internal-displacements-new-displacements-idps', target='_blank'>IDMC</a>].","There are 2 current crises and severity categories listed in the <a href=""https://www.acaps.org/en/thematics/all-topics/inform-severity-index"" target=""_blank"">INFORM Severity Index</a> for Sudan: Complex crisis in Sudan (Very High), International Displacement in Sudan (High), as of 23/07/25.",,"<ul><li>In the current period of analysis (Apr 2024) by the <a href='https://data.humdata.org/dataset/global-acute-food-insecurity-country-data', target='_blank'>IPC</a>, 45% of the population of Sudan are in IPC Phase 3+ (in food crisis), an estimated 21311946 people. 14% (6554877 people) are estimated to be in Phase 4 (emergency). 153152 (0.0%) are in Phase 5 (catastrophe/famine).</li><li>In Sudan there has been a total of 11,559,970 people displaced, with 3,777,679 new displacements in 2024 [<a href='https://data.humdata.org/dataset/idmc-internal-displacements-new-displacements-idps', target='_blank'>IDMC</a>].</li><li>There are 2 current crises and severity categories listed in the <a href=""https://www.acaps.org/en/thematics/all-topics/inform-severity-index"" target=""_blank"">INFORM Severity Index</a> for Sudan: Complex crisis in Sudan (Very High), International Displacement in Sudan (High), as of 23/07/25.</li></ul>","<ul><li>Sudan ranked 162 out of 165 countries in the Global Peace Index (2024).</li><li>Sudan ranked 170 out of 181 countries in the Corruption Perception Index (2024).</li><li>In the current period of analysis (Apr 2024) by the <a href='https://data.humdata.org/dataset/global-acute-food-insecurity-country-data', target='_blank'>IPC</a>, 45% of the population of Sudan are in IPC Phase 3+ (in food crisis), an estimated 21311946 people. 14% (6554877 people) are estimated to be in Phase 4 (emergency). 153152 (0.0%) are in Phase 5 (catastrophe/famine).</li><li>In Sudan there has been a total of 11,559,970 people displaced, with 3,777,679 new displacements in 2024 [<a href='https://data.humdata.org/dataset/idmc-internal-displacements-new-displacements-idps', target='_blank'>IDMC</a>].</li><li>There are 2 current crises and severity categories listed in the <a href=""https://www.acaps.org/en/thematics/all-topics/inform-severity-index"" target=""_blank"">INFORM Severity Index</a> for Sudan: Complex crisis in Sudan (Very High), International Displacement in Sudan (High), as of 23/07/25.</li></ul>"
pax,Syria,131.0,SYR,652.0,760.0,SYR,1.0,Syria,https://www.peaceagreements.org/tracker/syria,https://www.peaceagreements.org/agreements/search/?search_type=basic-search&countries=131&match_any_issues=True&name=&text=&signed_after=&signed_before=,108,4,"<ul><li>The most recent agreement signed in Syria was <a href=""https://www.peaceagreements.org/agreements/2345/"" target=""_blank"">Agreement between Tahrir al-Sham and operations room Fathbatu (2020-06-26)</a>, as part of the Syrian Local Agreements.</li><li>There has been a total of 108 agreements in Syria, since the first agreement was signed in 1991 (<a href=""https://www.peaceagreements.org/agreements/1018/"" target=""_blank"">Treaty for Brotherhood, Cooperation and Coordination (1991-05-22)</a>), in 4 peace processes (Syrian peace process, Syrian Local Agreements, Intra-Syrian Process (state/non-state), Lebanon-Syria conflict resolution process).</li></ul>",652.0,Syria,7349.0,722.0,2382.0,20.0,25.0,16.0,2609.0,1057.0,4.0,2357.0,-335.0,4740.0,25.0,9428.0,-31.693472090823082,181.67880413951704,2025-07-31,760.0,Syria,10074.0,13527.0,679.0,723.0,851.0,808.0,6386.0,15752.0,-85.0,-172.0,-2225.0,3688.0,-10.51980198019802,-20.211515863689776,-14.125190452006095,57.75133103664266,2025-08-15,157.0,165,Syria ranked 157 out of 165 countries in the Global Peace Index (2024).,177.0,181,Syria ranked 177 out of 181 countries in the Corruption Perception Index (2024).,,"In Syria there has been a total of 7,408,809 people displaced, with 768,126 new displacements in 2024 [<a href='https://data.humdata.org/dataset/idmc-internal-displacements-new-displacements-idps', target='_blank'>IDMC</a>].","There are 3 current crises and severity categories listed in the <a href=""https://www.acaps.org/en/thematics/all-topics/inform-severity-index"" target=""_blank"">INFORM Severity Index</a> for Syria: Complex crisis in Syria (Very High), Syrian conflict (Very High), Türkiye / Syria earthquake in Syria (High), as of 21/07/25.","Syria is one of 12 focus countries in the UK's WPS <a href='https://assets.publishing.service.gov.uk/government/uploads/system/uploads/attachment_data/file/1156085/uk-women-peace-security-national-action-plan-2023-2027.pdf', target='_blank'>National Action Plan</a> for 2023-2027. ","<ul><li>In Syria there has been a total of 7,408,809 people displaced, with 768,126 new displacements in 2024 [<a href='https://data.humdata.org/dataset/idmc-internal-displacements-new-displacements-idps', target='_blank'>IDMC</a>].</li><li>There are 3 current crises and severity categories listed in the <a href=""https://www.acaps.org/en/thematics/all-topics/inform-severity-index"" target=""_blank"">INFORM Severity Index</a> for Syria: Complex crisis in Syria (Very High), Syrian conflict (Very High), Türkiye / Syria earthquake in Syria (High), as of 21/07/25.</li><li>Syria is one of 12 focus countries in the UK's WPS <a href='https://assets.publishing.service.gov.uk/government/uploads/system/uploads/attachment_data/file/1156085/uk-women-peace-security-national-action-plan-2023-2027.pdf', target='_blank'>National Action Plan</a> for 2023-2027.</li></ul>","<ul><li>Syria ranked 157 out of 165 countries in the Global Peace Index (2024).</li><li>Syria ranked 177 out of 181 countries in the Corruption Perception Index (2024).</li><li>In Syria there has been a total of 7,408,809 people displaced, with 768,126 new displacements in 2024 [<a href='https://data.humdata.org/dataset/idmc-internal-displacements-new-displacements-idps', target='_blank'>IDMC</a>].</li><li>There are 3 current crises and severity categories listed in the <a href=""https://www.acaps.org/en/thematics/all-topics/inform-severity-index"" target=""_blank"">INFORM Severity Index</a> for Syria: Complex crisis in Syria (Very High), Syrian conflict (Very High), Türkiye / Syria earthquake in Syria (High), as of 21/07/25.</li><li>Syria is one of 12 focus countries in the UK's WPS <a href='https://assets.publishing.service.gov.uk/government/uploads/system/uploads/attachment_data/file/1156085/uk-women-peace-security-national-action-plan-2023-2027.pdf', target='_blank'>National Action Plan</a> for 2023-2027.</li></ul>"
pax,Tajikistan,132.0,TJK,702.0,762.0,TAJ,2.0,All,https://www.peaceagreements.org/tracker/all,https://www.peaceagreements.org/agreements/search/?search_type=basic-search&countries=132&match_any_issues=True&name=&text=&signed_after=&signed_before=,24,3,"<ul><li>The most recent agreement signed in Tajikistan was <a href=""https://www.peaceagreements.org/agreements/2392/"" target=""_blank"">Joint Statement (2021-06-29)</a>, as part of the Kyrgyzstan–Tajikistan Border Process.</li><li>There has been a total of 24 agreements in Tajikistan, since the first agreement was signed in 1994 (<a href=""https://www.peaceagreements.org/agreements/257/"" target=""_blank"">Agreement on a Temporary Ceasefire and the Cessation of Other Hostile Acts on the Tajik-Afghan Border and within the Country for the Duration of the Talks [The Tehran Agreement] (1994-09-17)</a>), in 3 peace processes (Tajikistan peace process, Kyrgyzstan–Tajikistan Border Process, Russia-China-Central Asian borders interstate process).</li></ul>",,,,,,,,,,,,,,,,,,,,762.0,Tajikistan,3.0,1.0,0.0,0.0,0.0,0.0,0.0,10.0,0.0,0.0,-9.0,3.0,0.0,0.0,-90.0,0.0,2025-08-15,72.0,165,Tajikistan ranked 72 out of 165 countries in the Global Peace Index (2024).,164.0,181,Tajikistan ranked 164 out of 181 countries in the Corruption Perception Index (2024).,,,,, ,<ul><li>Tajikistan ranked 72 out of 165 countries in the Global Peace Index (2024).</li><li>Tajikistan ranked 164 out of 181 countries in the Corruption Perception Index (2024).</li></ul>
pax,Tanzania,133.0,TZA,510.0,834.0,TAZ,2.0,All,https://www.peaceagreements.org/tracker/all,https://www.peaceagreements.org/agreements/search/?search_type=basic-search&countries=133&match_any_issues=True&name=&text=&signed_after=&signed_before=,4,1,"<ul><li>The most recent agreement signed in Tanzania was <a href=""https://www.peaceagreements.org/agreements/789/"" target=""_blank"">Peace, Security and Cooperation Framework for the Democratic Republic of the Congo and the region (2013-02-24)</a>, as part of the African Great Lakes: Regional Process.</li><li>There has been a total of 4 agreements in Tanzania, since the first agreement was signed in 2004 (<a href=""https://www.peaceagreements.org/agreements/349/"" target=""_blank"">Dar-Es-Salaam Declaration on Peace, Security, Democracy and Development in the Great Lakes Region (2004-11-20)</a>), in 1 peace process (African Great Lakes: Regional Process).</li></ul>",,,,,,,,,,,,,,,,,,,,834.0,Tanzania,34.0,141.0,5.0,36.0,9.0,17.0,21.0,67.0,19.0,-4.0,74.0,13.0,111.76470588235294,-44.44444444444444,110.44776119402985,61.904761904761905,2025-08-15,65.0,165,Tanzania ranked 65 out of 165 countries in the Global Peace Index (2024).,82.0,181,Tanzania ranked 82 out of 181 countries in the Corruption Perception Index (2024).,"In the current period of analysis (Mar 2025) by the <a href='https://data.humdata.org/dataset/global-acute-food-insecurity-country-data', target='_blank'>IPC</a>, 10% of the population of Tanzania are in IPC Phase 3+ (in food crisis), an estimated 466225 people.",,"There are 3 current crises and severity categories listed in the <a href=""https://www.acaps.org/en/thematics/all-topics/inform-severity-index"" target=""_blank"">INFORM Severity Index</a> for Tanzania: Drought and floods in Tanzania (Medium), International Displacement to Tanzania (Low), Multiple Crises in Tanzania (Medium), as of 28/07/25.",,"<ul><li>In the current period of analysis (Mar 2025) by the <a href='https://data.humdata.org/dataset/global-acute-food-insecurity-country-data', target='_blank'>IPC</a>, 10% of the population of Tanzania are in IPC Phase 3+ (in food crisis), an estimated 466225 people.</li><li>There are 3 current crises and severity categories listed in the <a href=""https://www.acaps.org/en/thematics/all-topics/inform-severity-index"" target=""_blank"">INFORM Severity Index</a> for Tanzania: Drought and floods in Tanzania (Medium), International Displacement to Tanzania (Low), Multiple Crises in Tanzania (Medium), as of 28/07/25.</li></ul>","<ul><li>Tanzania ranked 65 out of 165 countries in the Global Peace Index (2024).</li><li>Tanzania ranked 82 out of 181 countries in the Corruption Perception Index (2024).</li><li>In the current period of analysis (Mar 2025) by the <a href='https://data.humdata.org/dataset/global-acute-food-insecurity-country-data', target='_blank'>IPC</a>, 10% of the population of Tanzania are in IPC Phase 3+ (in food crisis), an estimated 466225 people.</li><li>There are 3 current crises and severity categories listed in the <a href=""https://www.acaps.org/en/thematics/all-topics/inform-severity-index"" target=""_blank"">INFORM Severity Index</a> for Tanzania: Drought and floods in Tanzania (Medium), International Displacement to Tanzania (Low), Multiple Crises in Tanzania (Medium), as of 28/07/25.</li></ul>"
pax,Thailand,134.0,THA,800.0,764.0,THI,2.0,All,https://www.peaceagreements.org/tracker/all,https://www.peaceagreements.org/agreements/search/?search_type=basic-search&countries=134&match_any_issues=True&name=&text=&signed_after=&signed_before=,2,1,"<ul><li>The most recent agreement signed in Thailand was <a href=""https://www.peaceagreements.org/agreements/2472/"" target=""_blank"">General Principles of the Peace Dialogue Process (2022-03-31)</a>, as part of the Thailand peace process.</li><li>There has been a total of 2 agreements in Thailand, since the first agreement was signed in 2013 (<a href=""https://www.peaceagreements.org/agreements/790/"" target=""_blank"">General Consensus on Peace Dialogue Process (2013-02-28)</a>), in 1 peace process (Thailand peace process).</li></ul>",800.0,Thailand,71.0,45.0,35.0,20.0,1.0,1.0,38.0,28.0,19.0,34.0,17.0,33.0,1900.0,3400.0,60.71428571428571,86.8421052631579,2025-07-31,764.0,Thailand,80.0,350.0,28.0,56.0,3.0,33.0,65.0,468.0,23.0,25.0,-118.0,15.0,69.6969696969697,833.3333333333334,-25.213675213675213,23.076923076923077,2025-08-15,76.0,165,Thailand ranked 76 out of 165 countries in the Global Peace Index (2024).,107.0,181,Thailand ranked 107 out of 181 countries in the Corruption Perception Index (2024).,,"In Thailand, there were no reported displacements in 2024 [<a href='https://data.humdata.org/dataset/idmc-internal-displacements-new-displacements-idps', target='_blank'>IDMC</a>].","There are 3 current crises and severity categories listed in the <a href=""https://www.acaps.org/en/thematics/all-topics/inform-severity-index"" target=""_blank"">INFORM Severity Index</a> for Thailand: 2024 Monsoon Floods in Thailand (Medium), Displacement from Myanmar to Thailand (Medium), Multiple situations in Thailand (Medium), as of 28/07/25.",,"<ul><li>In Thailand, there were no reported displacements in 2024 [<a href='https://data.humdata.org/dataset/idmc-internal-displacements-new-displacements-idps', target='_blank'>IDMC</a>].</li><li>There are 3 current crises and severity categories listed in the <a href=""https://www.acaps.org/en/thematics/all-topics/inform-severity-index"" target=""_blank"">INFORM Severity Index</a> for Thailand: 2024 Monsoon Floods in Thailand (Medium), Displacement from Myanmar to Thailand (Medium), Multiple situations in Thailand (Medium), as of 28/07/25.</li></ul>","<ul><li>Thailand ranked 76 out of 165 countries in the Global Peace Index (2024).</li><li>Thailand ranked 107 out of 181 countries in the Corruption Perception Index (2024).</li><li>In Thailand, there were no reported displacements in 2024 [<a href='https://data.humdata.org/dataset/idmc-internal-displacements-new-displacements-idps', target='_blank'>IDMC</a>].</li><li>There are 3 current crises and severity categories listed in the <a href=""https://www.acaps.org/en/thematics/all-topics/inform-severity-index"" target=""_blank"">INFORM Severity Index</a> for Thailand: 2024 Monsoon Floods in Thailand (Medium), Displacement from Myanmar to Thailand (Medium), Multiple situations in Thailand (Medium), as of 28/07/25.</li></ul>"
pax,Togo,135.0,TGO,461.0,768.0,TOG,2.0,All,https://www.peaceagreements.org/tracker/all,https://www.peaceagreements.org/agreements/search/?search_type=basic-search&countries=135&match_any_issues=True&name=&text=&signed_after=&signed_before=,3,1,"<ul><li>The most recent agreement signed in Togo was <a href=""https://www.peaceagreements.org/agreements/844/"" target=""_blank"">Dialogue inter-togolais: memorandum des partis politiques signataires de l'Accord Politique Global et représentés à l'Assemblée Nationale (2009-08-07)</a>, as part of the Togo peace process.</li><li>There has been a total of 3 agreements in Togo, since the first agreement was signed in 1999 (<a href=""https://www.peaceagreements.org/agreements/1256/"" target=""_blank"">Dialogue inter-togolais: accord cadre de Lomé (1999-09-27)</a>), in 1 peace process (Togo peace process).</li></ul>",461.0,Togo,36.0,6.0,0.0,0.0,0.0,0.0,44.0,12.0,0.0,0.0,-6.0,-8.0,0.0,0.0,-50.0,-18.181818181818183,2025-07-31,768.0,Togo,65.0,49.0,0.0,4.0,9.0,8.0,120.0,58.0,-4.0,-9.0,-9.0,-55.0,-50.0,-100.0,-15.517241379310345,-45.83333333333333,2025-08-15,120.0,165,Togo ranked 120 out of 165 countries in the Global Peace Index (2024).,121.0,181,Togo ranked 121 out of 181 countries in the Corruption Perception Index (2024).,"In the current period of analysis (Nov 2024) by the <a href='https://data.humdata.org/dataset/global-acute-food-insecurity-country-data', target='_blank'>IPC</a>, 10% of the population of Togo are in IPC Phase 3+ (in food crisis), an estimated 621723 people.","In Togo, there has been a total of 18,429 people displaced as of end of 2024 [<a href='https://data.humdata.org/dataset/idmc-internal-displacements-new-displacements-idps', target='_blank'>IDMC</a>].","There is 1 current crisis and severity category listed in the <a href=""https://www.acaps.org/en/thematics/all-topics/inform-severity-index"" target=""_blank"">INFORM Severity Index</a> for Togo: Conflict in Savanes region (Medium), as of 29/07/25.",,"<ul><li>In the current period of analysis (Nov 2024) by the <a href='https://data.humdata.org/dataset/global-acute-food-insecurity-country-data', target='_blank'>IPC</a>, 10% of the population of Togo are in IPC Phase 3+ (in food crisis), an estimated 621723 people.</li><li>In Togo, there has been a total of 18,429 people displaced as of end of 2024 [<a href='https://data.humdata.org/dataset/idmc-internal-displacements-new-displacements-idps', target='_blank'>IDMC</a>].</li><li>There is 1 current crisis and severity category listed in the <a href=""https://www.acaps.org/en/thematics/all-topics/inform-severity-index"" target=""_blank"">INFORM Severity Index</a> for Togo: Conflict in Savanes region (Medium), as of 29/07/25.</li></ul>","<ul><li>Togo ranked 120 out of 165 countries in the Global Peace Index (2024).</li><li>Togo ranked 121 out of 181 countries in the Corruption Perception Index (2024).</li><li>In the current period of analysis (Nov 2024) by the <a href='https://data.humdata.org/dataset/global-acute-food-insecurity-country-data', target='_blank'>IPC</a>, 10% of the population of Togo are in IPC Phase 3+ (in food crisis), an estimated 621723 people.</li><li>In Togo, there has been a total of 18,429 people displaced as of end of 2024 [<a href='https://data.humdata.org/dataset/idmc-internal-displacements-new-displacements-idps', target='_blank'>IDMC</a>].</li><li>There is 1 current crisis and severity category listed in the <a href=""https://www.acaps.org/en/thematics/all-topics/inform-severity-index"" target=""_blank"">INFORM Severity Index</a> for Togo: Conflict in Savanes region (Medium), as of 29/07/25.</li></ul>"
pax,Tunisia,164.0,TUN,616.0,788.0,TUN,2.0,All,https://www.peaceagreements.org/tracker/all,https://www.peaceagreements.org/agreements/search/?search_type=basic-search&countries=164&match_any_issues=True&name=&text=&signed_after=&signed_before=,1,1,"<ul><li>The most recent agreement signed in Tunisia was <a href=""https://www.peaceagreements.org/agreements/1515/"" target=""_blank"">Charte d'Honneur des Partis Politiques, des Coalitions et des Candidats Indépendants pour les élections et les référendums de la République Tunisienne (2014-07-22)</a>, as part of the Tunisia reform process.</li><li>There has been a total of 1 agreement in Tunisia, since the first agreement was signed in 2014 (<a href=""https://www.peaceagreements.org/agreements/1515/"" target=""_blank"">Charte d'Honneur des Partis Politiques, des Coalitions et des Candidats Indépendants pour les élections et les référendums de la République Tunisienne (2014-07-22)</a>), in 1 peace process (Tunisia reform process).</li></ul>",,,,,,,,,,,,,,,,,,,,788.0,Tunisia,2.0,512.0,0.0,54.0,0.0,34.0,6.0,548.0,20.0,0.0,-36.0,-4.0,58.82352941176471,0.0,-6.569343065693431,-66.66666666666666,2025-08-15,74.0,165,Tunisia ranked 74 out of 165 countries in the Global Peace Index (2024).,92.0,181,Tunisia ranked 92 out of 181 countries in the Corruption Perception Index (2024).,,,"There is 1 current crisis and severity category listed in the <a href=""https://www.acaps.org/en/thematics/all-topics/inform-severity-index"" target=""_blank"">INFORM Severity Index</a> for Tunisia: International displacement to Tunisia (Low), as of 28/07/25.",,"<ul><li>There is 1 current crisis and severity category listed in the <a href=""https://www.acaps.org/en/thematics/all-topics/inform-severity-index"" target=""_blank"">INFORM Severity Index</a> for Tunisia: International displacement to Tunisia (Low), as of 28/07/25.</li></ul>","<ul><li>Tunisia ranked 74 out of 165 countries in the Global Peace Index (2024).</li><li>Tunisia ranked 92 out of 181 countries in the Corruption Perception Index (2024).</li><li>There is 1 current crisis and severity category listed in the <a href=""https://www.acaps.org/en/thematics/all-topics/inform-severity-index"" target=""_blank"">INFORM Severity Index</a> for Tunisia: International displacement to Tunisia (Low), as of 28/07/25.</li></ul>"
pax,Turkey,139.0,TUR,640.0,792.0,TUR,2.0,All,https://www.peaceagreements.org/tracker/all,https://www.peaceagreements.org/agreements/search/?search_type=basic-search&countries=139&match_any_issues=True&name=&text=&signed_after=&signed_before=,4,1,"<ul><li>The most recent agreement signed in Turkey was <a href=""https://www.peaceagreements.org/agreements/2273/"" target=""_blank"">Additional Protocol to the Memorandum on Stabilization of the Situation in the Idlib De-Escalation Area (2020-03-05)</a>, as part of the Syrian peace process.</li><li>There has been a total of 4 agreements in Turkey, since the first agreement was signed in 2018 (<a href=""https://www.peaceagreements.org/agreements/2169/"" target=""_blank"">Memorandum on Stabilisation of the Situation in the Idlib De-escalation Area (2018-09-17)</a>), in 1 peace process (Syrian peace process).</li></ul>",640.0,Turkey,15.0,17.0,0.0,0.0,0.0,0.0,49.0,34.0,0.0,0.0,-17.0,-34.0,0.0,0.0,-50.0,-69.38775510204081,2025-07-31,792.0,Turkey,17.0,5941.0,0.0,458.0,0.0,572.0,68.0,6497.0,-114.0,0.0,-556.0,-51.0,-19.93006993006993,0.0,-8.557795905802678,-75.0,2025-08-15,145.0,165,Turkey ranked 145 out of 165 countries in the Global Peace Index (2022).,107.0,181,Turkey ranked 107 out of 181 countries in the Corruption Perception Index (2024).,,"In Turkey, there were no reported displacements in 2024 [<a href='https://data.humdata.org/dataset/idmc-internal-displacements-new-displacements-idps', target='_blank'>IDMC</a>].","There are 5 current crises and severity categories listed in the <a href=""https://www.acaps.org/en/thematics/all-topics/inform-severity-index"" target=""_blank"">INFORM Severity Index</a> for Türkiye: Displacement from Syria to Türkiye (High), International Displacement to Türkiye (Low), Kurdish Conflict (None), Multiple Crises in Türkiye (High), Türkiye / Syria earthquake in Türkiye (Medium), as of 24/07/25.",,"<ul><li>In Turkey, there were no reported displacements in 2024 [<a href='https://data.humdata.org/dataset/idmc-internal-displacements-new-displacements-idps', target='_blank'>IDMC</a>].</li><li>There are 5 current crises and severity categories listed in the <a href=""https://www.acaps.org/en/thematics/all-topics/inform-severity-index"" target=""_blank"">INFORM Severity Index</a> for Türkiye: Displacement from Syria to Türkiye (High), International Displacement to Türkiye (Low), Kurdish Conflict (None), Multiple Crises in Türkiye (High), Türkiye / Syria earthquake in Türkiye (Medium), as of 24/07/25.</li></ul>","<ul><li>Turkey ranked 145 out of 165 countries in the Global Peace Index (2022).</li><li>Turkey ranked 107 out of 181 countries in the Corruption Perception Index (2024).</li><li>In Turkey, there were no reported displacements in 2024 [<a href='https://data.humdata.org/dataset/idmc-internal-displacements-new-displacements-idps', target='_blank'>IDMC</a>].</li><li>There are 5 current crises and severity categories listed in the <a href=""https://www.acaps.org/en/thematics/all-topics/inform-severity-index"" target=""_blank"">INFORM Severity Index</a> for Türkiye: Displacement from Syria to Türkiye (High), International Displacement to Türkiye (Low), Kurdish Conflict (None), Multiple Crises in Türkiye (High), Türkiye / Syria earthquake in Türkiye (Medium), as of 24/07/25.</li></ul>"
pax,Turkey,139.0,TUR,640.0,792.0,TUR,2.0,All,https://www.peaceagreements.org/tracker/all,https://www.peaceagreements.org/agreements/search/?search_type=basic-search&countries=139&match_any_issues=True&name=&text=&signed_after=&signed_before=,4,1,"<ul><li>The most recent agreement signed in Turkey was <a href=""https://www.peaceagreements.org/agreements/2273/"" target=""_blank"">Additional Protocol to the Memorandum on Stabilization of the Situation in the Idlib De-Escalation Area (2020-03-05)</a>, as part of the Syrian peace process.</li><li>There has been a total of 4 agreements in Turkey, since the first agreement was signed in 2018 (<a href=""https://www.peaceagreements.org/agreements/2169/"" target=""_blank"">Memorandum on Stabilisation of the Situation in the Idlib De-escalation Area (2018-09-17)</a>), in 1 peace process (Syrian peace process).</li></ul>",640.0,Turkey,15.0,17.0,0.0,0.0,0.0,0.0,49.0,34.0,0.0,0.0,-17.0,-34.0,0.0,0.0,-50.0,-69.38775510204081,2025-07-31,792.0,Turkey,17.0,5941.0,0.0,458.0,0.0,572.0,68.0,6497.0,-114.0,0.0,-556.0,-51.0,-19.93006993006993,0.0,-8.557795905802678,-75.0,2025-08-15,139.0,165,Turkiye ranked 139 out of 165 countries in the Global Peace Index (2024).,107.0,181,Turkey ranked 107 out of 181 countries in the Corruption Perception Index (2024).,,"In Turkey, there were no reported displacements in 2024 [<a href='https://data.humdata.org/dataset/idmc-internal-displacements-new-displacements-idps', target='_blank'>IDMC</a>].","There are 5 current crises and severity categories listed in the <a href=""https://www.acaps.org/en/thematics/all-topics/inform-severity-index"" target=""_blank"">INFORM Severity Index</a> for Türkiye: Displacement from Syria to Türkiye (High), International Displacement to Türkiye (Low), Kurdish Conflict (None), Multiple Crises in Türkiye (High), Türkiye / Syria earthquake in Türkiye (Medium), as of 24/07/25.",,"<ul><li>In Turkey, there were no reported displacements in 2024 [<a href='https://data.humdata.org/dataset/idmc-internal-displacements-new-displacements-idps', target='_blank'>IDMC</a>].</li><li>There are 5 current crises and severity categories listed in the <a href=""https://www.acaps.org/en/thematics/all-topics/inform-severity-index"" target=""_blank"">INFORM Severity Index</a> for Türkiye: Displacement from Syria to Türkiye (High), International Displacement to Türkiye (Low), Kurdish Conflict (None), Multiple Crises in Türkiye (High), Türkiye / Syria earthquake in Türkiye (Medium), as of 24/07/25.</li></ul>","<ul><li>Turkiye ranked 139 out of 165 countries in the Global Peace Index (2024).</li><li>Turkey ranked 107 out of 181 countries in the Corruption Perception Index (2024).</li><li>In Turkey, there were no reported displacements in 2024 [<a href='https://data.humdata.org/dataset/idmc-internal-displacements-new-displacements-idps', target='_blank'>IDMC</a>].</li><li>There are 5 current crises and severity categories listed in the <a href=""https://www.acaps.org/en/thematics/all-topics/inform-severity-index"" target=""_blank"">INFORM Severity Index</a> for Türkiye: Displacement from Syria to Türkiye (High), International Displacement to Türkiye (Low), Kurdish Conflict (None), Multiple Crises in Türkiye (High), Türkiye / Syria earthquake in Türkiye (Medium), as of 24/07/25.</li></ul>"
pax,Uganda,141.0,UGA,500.0,800.0,UGA,2.0,All,https://www.peaceagreements.org/tracker/all,https://www.peaceagreements.org/agreements/search/?search_type=basic-search&countries=141&match_any_issues=True&name=&text=&signed_after=&signed_before=,26,5,"<ul><li>The most recent agreement signed in Uganda was <a href=""https://www.peaceagreements.org/agreements/789/"" target=""_blank"">Peace, Security and Cooperation Framework for the Democratic Republic of the Congo and the region (2013-02-24)</a>, as part of the African Great Lakes: Regional Process.</li><li>There has been a total of 26 agreements in Uganda, since the first agreement was signed in 1994 (<a href=""https://www.peaceagreements.org/agreements/397/"" target=""_blank"">The Agreement between the Uganda Government and the Lord's Resistance Army ('Gulu Ceasefire') (1994-02-02)</a>), in 5 peace processes (Uganda peace process, Sudanese (North-South) peace process, Rwanda-1990s international agreements, DRC: Second Congo war process, African Great Lakes: Regional Process).</li></ul>",,,,,,,,,,,,,,,,,,,,800.0,Uganda,215.0,478.0,11.0,30.0,8.0,29.0,222.0,376.0,1.0,3.0,102.0,-7.0,3.4482758620689653,37.5,27.127659574468083,-3.153153153153153,2025-08-15,126.0,165,Uganda ranked 126 out of 165 countries in the Global Peace Index (2024).,140.0,181,Uganda ranked 140 out of 181 countries in the Corruption Perception Index (2024).,"In the current period of analysis (Oct 2024) by the <a href='https://data.humdata.org/dataset/global-acute-food-insecurity-country-data', target='_blank'>IPC</a>, 17% of the population of Uganda are in IPC Phase 3+ (in food crisis), an estimated 796902 people.","In Uganda there has been a total of 1,715 people displaced, with 1,851 new displacements in 2024 [<a href='https://data.humdata.org/dataset/idmc-internal-displacements-new-displacements-idps', target='_blank'>IDMC</a>].","There is 1 current crisis and severity category listed in the <a href=""https://www.acaps.org/en/thematics/all-topics/inform-severity-index"" target=""_blank"">INFORM Severity Index</a> for Uganda: International Displacement to Uganda (High), as of 28/07/25.",,"<ul><li>In the current period of analysis (Oct 2024) by the <a href='https://data.humdata.org/dataset/global-acute-food-insecurity-country-data', target='_blank'>IPC</a>, 17% of the population of Uganda are in IPC Phase 3+ (in food crisis), an estimated 796902 people.</li><li>In Uganda there has been a total of 1,715 people displaced, with 1,851 new displacements in 2024 [<a href='https://data.humdata.org/dataset/idmc-internal-displacements-new-displacements-idps', target='_blank'>IDMC</a>].</li><li>There is 1 current crisis and severity category listed in the <a href=""https://www.acaps.org/en/thematics/all-topics/inform-severity-index"" target=""_blank"">INFORM Severity Index</a> for Uganda: International Displacement to Uganda (High), as of 28/07/25.</li></ul>","<ul><li>Uganda ranked 126 out of 165 countries in the Global Peace Index (2024).</li><li>Uganda ranked 140 out of 181 countries in the Corruption Perception Index (2024).</li><li>In the current period of analysis (Oct 2024) by the <a href='https://data.humdata.org/dataset/global-acute-food-insecurity-country-data', target='_blank'>IPC</a>, 17% of the population of Uganda are in IPC Phase 3+ (in food crisis), an estimated 796902 people.</li><li>In Uganda there has been a total of 1,715 people displaced, with 1,851 new displacements in 2024 [<a href='https://data.humdata.org/dataset/idmc-internal-displacements-new-displacements-idps', target='_blank'>IDMC</a>].</li><li>There is 1 current crisis and severity category listed in the <a href=""https://www.acaps.org/en/thematics/all-topics/inform-severity-index"" target=""_blank"">INFORM Severity Index</a> for Uganda: International Displacement to Uganda (High), as of 28/07/25.</li></ul>"
pax,Ukraine,142.0,UKR,369.0,804.0,UKR,1.0,Ukraine,https://www.peaceagreements.org/tracker/ukraine,https://www.peaceagreements.org/agreements/search/?search_type=basic-search&countries=142&match_any_issues=True&name=&text=&signed_after=&signed_before=,10,2,"<ul><li>The most recent agreement signed in Ukraine was <a href=""https://www.peaceagreements.org/agreements/2444/"" target=""_blank"">Initiative on the Safe Transportation of Grain and Foodstuffs from Ukrainian Ports (2022-07-22)</a>, as part of the Ukraine - Russia: interstate agreements.</li><li>There has been a total of 10 agreements in Ukraine, since the first agreement was signed in 2014 (<a href=""https://www.peaceagreements.org/agreements/930/"" target=""_blank"">On Peaceful Settlement of Situation in the Eastern Regions of Ukraine (2014-06-20)</a>), in 2 peace processes (Ukraine peace process, Ukraine - Russia: interstate agreements).</li></ul>",369.0,Ukraine,54085.0,6356.0,1214.0,617.0,4413.0,449.0,94128.0,11422.0,168.0,-3199.0,-5066.0,-40043.0,37.41648106904232,-72.49036936324495,-44.35300297671161,-42.5410079891212,2025-07-31,804.0,Ukraine,82513.0,68853.0,5376.0,6430.0,6074.0,6879.0,56085.0,49417.0,-449.0,-698.0,19436.0,26428.0,-6.527111498764356,-11.491603556140928,39.3305947346055,47.12133368993492,2025-08-15,159.0,165,Ukraine ranked 159 out of 165 countries in the Global Peace Index (2024).,105.0,181,Ukraine ranked 105 out of 181 countries in the Corruption Perception Index (2024).,,"In Ukraine there has been a total of 3,665,165 people displaced, with 306,044 new displacements in 2024 [<a href='https://data.humdata.org/dataset/idmc-internal-displacements-new-displacements-idps', target='_blank'>IDMC</a>].","There is 1 current crisis and severity category listed in the <a href=""https://www.acaps.org/en/thematics/all-topics/inform-severity-index"" target=""_blank"">INFORM Severity Index</a> for Ukraine: Conflict in Ukraine (Very High), as of 22/07/25.","Ukraine is one of 12 focus countries in the UK's WPS <a href='https://assets.publishing.service.gov.uk/government/uploads/system/uploads/attachment_data/file/1156085/uk-women-peace-security-national-action-plan-2023-2027.pdf', target='_blank'>National Action Plan</a> for 2023-2027. ","<ul><li>In Ukraine there has been a total of 3,665,165 people displaced, with 306,044 new displacements in 2024 [<a href='https://data.humdata.org/dataset/idmc-internal-displacements-new-displacements-idps', target='_blank'>IDMC</a>].</li><li>There is 1 current crisis and severity category listed in the <a href=""https://www.acaps.org/en/thematics/all-topics/inform-severity-index"" target=""_blank"">INFORM Severity Index</a> for Ukraine: Conflict in Ukraine (Very High), as of 22/07/25.</li><li>Ukraine is one of 12 focus countries in the UK's WPS <a href='https://assets.publishing.service.gov.uk/government/uploads/system/uploads/attachment_data/file/1156085/uk-women-peace-security-national-action-plan-2023-2027.pdf', target='_blank'>National Action Plan</a> for 2023-2027.</li></ul>","<ul><li>Ukraine ranked 159 out of 165 countries in the Global Peace Index (2024).</li><li>Ukraine ranked 105 out of 181 countries in the Corruption Perception Index (2024).</li><li>In Ukraine there has been a total of 3,665,165 people displaced, with 306,044 new displacements in 2024 [<a href='https://data.humdata.org/dataset/idmc-internal-displacements-new-displacements-idps', target='_blank'>IDMC</a>].</li><li>There is 1 current crisis and severity category listed in the <a href=""https://www.acaps.org/en/thematics/all-topics/inform-severity-index"" target=""_blank"">INFORM Severity Index</a> for Ukraine: Conflict in Ukraine (Very High), as of 22/07/25.</li><li>Ukraine is one of 12 focus countries in the UK's WPS <a href='https://assets.publishing.service.gov.uk/government/uploads/system/uploads/attachment_data/file/1156085/uk-women-peace-security-national-action-plan-2023-2027.pdf', target='_blank'>National Action Plan</a> for 2023-2027.</li></ul>"
pax,United Kingdom,143.0,GBR,200.0,826.0,UKG,2.0,All,https://www.peaceagreements.org/tracker/all,https://www.peaceagreements.org/agreements/search/?search_type=basic-search&countries=143&match_any_issues=True&name=&text=&signed_after=&signed_before=,38,3,"<ul><li>The most recent agreement signed in United Kingdom was <a href=""https://www.peaceagreements.org/agreements/2270/"" target=""_blank"">New Decade, New Approach (2020-01-10)</a>, as part of the Northern Ireland peace process.</li><li>There has been a total of 38 agreements in United Kingdom, since the first agreement was signed in 1990 (<a href=""https://www.peaceagreements.org/agreements/431/"" target=""_blank"">Joint Statement of Confidence-Building Measures, including an Information and Consultation System and Safety Measures for Air and Maritime Navigation (1990-02-15)</a>), in 3 peace processes (Argentina-UK: Falklands process, Northern Ireland peace process, Post-WWII Germany normalisation process).</li></ul>",,,,,,,,,,,,,,,,,,,,826.0,United Kingdom,0.0,1052.0,0.0,94.0,0.0,79.0,0.0,1044.0,15.0,0.0,8.0,0.0,18.9873417721519,0.0,0.7662835249042145,0.0,2025-08-15,34.0,165,United Kingdom ranked 34 out of 165 countries in the Global Peace Index (2024).,20.0,181,United Kingdom ranked 20 out of 181 countries in the Corruption Perception Index (2024).,,,,, ,<ul><li>United Kingdom ranked 34 out of 165 countries in the Global Peace Index (2024).</li><li>United Kingdom ranked 20 out of 181 countries in the Corruption Perception Index (2024).</li></ul>
pax,United States of America,145.0,USA,2.0,840.0,USA,2.0,All,https://www.peaceagreements.org/tracker/all,https://www.peaceagreements.org/agreements/search/?search_type=basic-search&countries=145&match_any_issues=True&name=&text=&signed_after=&signed_before=,9,6,"<ul><li>The most recent agreement signed in United States of America was <a href=""https://www.peaceagreements.org/agreements/2272/"" target=""_blank"">Joint Declaration between the Islamic Republic of Afghanistan and the United States of America
for Bringing Peace to Afghanistan (2020-02-29)</a>, as part of the Afghanistan: 2000s Post-intervention process.</li><li>There has been a total of 9 agreements in United States of America, since the first agreement was signed in 1990 (<a href=""https://www.peaceagreements.org/agreements/1887/"" target=""_blank"">Treaty on the Final Settlement with Respect to Germany (four plus two agreement) (1990-09-12)</a>), in 6 peace processes (North Korea - South Korea interstate process, US-North Korea interstate process, Iraq peace process - second Iraq war, Afghanistan: 2000s Post-intervention process, Syrian peace process, Post-WWII Germany normalisation process).</li></ul>",,,,,,,,,,,,,,,,,,,,840.0,United States,49.0,16500.0,7.0,1560.0,2.0,1059.0,37.0,9997.0,501.0,5.0,6503.0,12.0,47.30878186968839,250.0,65.04951485445633,32.432432432432435,2025-08-15,132.0,165,United States of America ranked 132 out of 165 countries in the Global Peace Index (2024).,28.0,181,United States of America ranked 28 out of 181 countries in the Corruption Perception Index (2024).,,,,, ,<ul><li>United States of America ranked 132 out of 165 countries in the Global Peace Index (2024).</li><li>United States of America ranked 28 out of 181 countries in the Corruption Perception Index (2024).</li></ul>
pax,Venezuela,150.0,VEN,101.0,862.0,VEN,2.0,All,https://www.peaceagreements.org/tracker/all,https://www.peaceagreements.org/agreements/search/?search_type=basic-search&countries=150&match_any_issues=True&name=&text=&signed_after=&signed_before=,1,1,"<ul><li>The most recent agreement signed in Venezuela was <a href=""https://www.peaceagreements.org/agreements/1083/"" target=""_blank"">Declaración de Principios y Mecanismo de Cooperación entre Colombia y Venezuela (2010-08-10)</a>, as part of the Colombia V - Santos.</li><li>There has been a total of 1 agreement in Venezuela, since the first agreement was signed in 2010 (<a href=""https://www.peaceagreements.org/agreements/1083/"" target=""_blank"">Declaración de Principios y Mecanismo de Cooperación entre Colombia y Venezuela (2010-08-10)</a>), in 1 peace process (Colombia V - Santos).</li></ul>",,,,,,,,,,,,,,,,,,,,862.0,Venezuela,483.0,1596.0,36.0,98.0,42.0,124.0,557.0,1814.0,-26.0,-6.0,-218.0,-74.0,-20.967741935483872,-14.285714285714285,-12.017640573318634,-13.285457809694792,2025-08-15,142.0,165,Venezuela ranked 142 out of 165 countries in the Global Peace Index (2024).,178.0,181,Venezuela ranked 178 out of 181 countries in the Corruption Perception Index (2024).,,,"There is 1 current crisis and severity category listed in the <a href=""https://www.acaps.org/en/thematics/all-topics/inform-severity-index"" target=""_blank"">INFORM Severity Index</a> for Venezuela: Political and Economic crisis in Venezuela (High), as of 28/07/25.",,"<ul><li>There is 1 current crisis and severity category listed in the <a href=""https://www.acaps.org/en/thematics/all-topics/inform-severity-index"" target=""_blank"">INFORM Severity Index</a> for Venezuela: Political and Economic crisis in Venezuela (High), as of 28/07/25.</li></ul>","<ul><li>Venezuela ranked 142 out of 165 countries in the Global Peace Index (2024).</li><li>Venezuela ranked 178 out of 181 countries in the Corruption Perception Index (2024).</li><li>There is 1 current crisis and severity category listed in the <a href=""https://www.acaps.org/en/thematics/all-topics/inform-severity-index"" target=""_blank"">INFORM Severity Index</a> for Venezuela: Political and Economic crisis in Venezuela (High), as of 28/07/25.</li></ul>"
pax,Yemen,148.0,YEM,678.0,887.0,YEM,1.0,Yemen,https://www.peaceagreements.org/tracker/yemen,https://www.peaceagreements.org/agreements/search/?search_type=basic-search&countries=148&match_any_issues=True&name=&text=&signed_after=&signed_before=,60,4,"<ul><li>The most recent agreement signed in Yemen was <a href=""https://www.peaceagreements.org/agreements/2697/"" target=""_blank"">Statement by the Office of the UN Special Envoy for Yemen (2024-07-22)</a>, as part of the Yemen peace process.</li><li>There has been a total of 60 agreements in Yemen, since the first agreement was signed in 1990 (<a href=""https://www.peaceagreements.org/agreements/264/"" target=""_blank"">Agreement Establishing a Union between the State of the Yemen Arab Republic and the State of the People's Democratic Republic of Yemen (1990-04-22)</a>), in 4 peace processes (Yemen unification process, Yemen peace process, Yemen Inter-group Agreements, Saudi Arabia - Yemen Border process).</li></ul>",678.0,Yemen (North Yemen),1310.0,272.0,27.0,12.0,34.0,21.0,718.0,202.0,-9.0,-7.0,70.0,592.0,-42.857142857142854,-20.588235294117645,34.65346534653465,82.45125348189416,2025-07-31,887.0,Yemen,3366.0,14244.0,134.0,1594.0,129.0,1009.0,2270.0,9582.0,585.0,5.0,4662.0,1096.0,57.97819623389494,3.875968992248062,48.65372573575454,48.28193832599119,2025-08-15,163.0,165,Yemen ranked 163 out of 165 countries in the Global Peace Index (2024).,173.0,181,Yemen ranked 173 out of 181 countries in the Corruption Perception Index (2024).,"In the current period of analysis (Jun 2025) by the <a href='https://data.humdata.org/dataset/global-acute-food-insecurity-country-data', target='_blank'>IPC</a>, 49% of the population of Yemen are in IPC Phase 3+ (in food crisis), an estimated 17145484 people. 15% (5220058 people) are estimated to be in Phase 4 (emergency).","In Yemen there has been a total of 4,795,983 people displaced, with 36,442 new displacements in 2024 [<a href='https://data.humdata.org/dataset/idmc-internal-displacements-new-displacements-idps', target='_blank'>IDMC</a>].","There are 2 current crises and severity categories listed in the <a href=""https://www.acaps.org/en/thematics/all-topics/inform-severity-index"" target=""_blank"">INFORM Severity Index</a> for Yemen: Complex crisis in Yemen (Very High), International Displacement to Yemen (Medium), as of 24/07/25.","Yemen is one of 12 focus countries in the UK's WPS <a href='https://assets.publishing.service.gov.uk/government/uploads/system/uploads/attachment_data/file/1156085/uk-women-peace-security-national-action-plan-2023-2027.pdf', target='_blank'>National Action Plan</a> for 2023-2027. ","<ul><li>In the current period of analysis (Jun 2025) by the <a href='https://data.humdata.org/dataset/global-acute-food-insecurity-country-data', target='_blank'>IPC</a>, 49% of the population of Yemen are in IPC Phase 3+ (in food crisis), an estimated 17145484 people. 15% (5220058 people) are estimated to be in Phase 4 (emergency).</li><li>In Yemen there has been a total of 4,795,983 people displaced, with 36,442 new displacements in 2024 [<a href='https://data.humdata.org/dataset/idmc-internal-displacements-new-displacements-idps', target='_blank'>IDMC</a>].</li><li>There are 2 current crises and severity categories listed in the <a href=""https://www.acaps.org/en/thematics/all-topics/inform-severity-index"" target=""_blank"">INFORM Severity Index</a> for Yemen: Complex crisis in Yemen (Very High), International Displacement to Yemen (Medium), as of 24/07/25.</li><li>Yemen is one of 12 focus countries in the UK's WPS <a href='https://assets.publishing.service.gov.uk/government/uploads/system/uploads/attachment_data/file/1156085/uk-women-peace-security-national-action-plan-2023-2027.pdf', target='_blank'>National Action Plan</a> for 2023-2027.</li></ul>","<ul><li>Yemen ranked 163 out of 165 countries in the Global Peace Index (2024).</li><li>Yemen ranked 173 out of 181 countries in the Corruption Perception Index (2024).</li><li>In the current period of analysis (Jun 2025) by the <a href='https://data.humdata.org/dataset/global-acute-food-insecurity-country-data', target='_blank'>IPC</a>, 49% of the population of Yemen are in IPC Phase 3+ (in food crisis), an estimated 17145484 people. 15% (5220058 people) are estimated to be in Phase 4 (emergency).</li><li>In Yemen there has been a total of 4,795,983 people displaced, with 36,442 new displacements in 2024 [<a href='https://data.humdata.org/dataset/idmc-internal-displacements-new-displacements-idps', target='_blank'>IDMC</a>].</li><li>There are 2 current crises and severity categories listed in the <a href=""https://www.acaps.org/en/thematics/all-topics/inform-severity-index"" target=""_blank"">INFORM Severity Index</a> for Yemen: Complex crisis in Yemen (Very High), International Displacement to Yemen (Medium), as of 24/07/25.</li><li>Yemen is one of 12 focus countries in the UK's WPS <a href='https://assets.publishing.service.gov.uk/government/uploads/system/uploads/attachment_data/file/1156085/uk-women-peace-security-national-action-plan-2023-2027.pdf', target='_blank'>National Action Plan</a> for 2023-2027.</li></ul>"
pax,Zambia,151.0,ZMB,551.0,894.0,ZAM,2.0,All,https://www.peaceagreements.org/tracker/all,https://www.peaceagreements.org/agreements/search/?search_type=basic-search&countries=151&match_any_issues=True&name=&text=&signed_after=&signed_before=,4,1,"<ul><li>The most recent agreement signed in Zambia was <a href=""https://www.peaceagreements.org/agreements/789/"" target=""_blank"">Peace, Security and Cooperation Framework for the Democratic Republic of the Congo and the region (2013-02-24)</a>, as part of the African Great Lakes: Regional Process.</li><li>There has been a total of 4 agreements in Zambia, since the first agreement was signed in 2004 (<a href=""https://www.peaceagreements.org/agreements/349/"" target=""_blank"">Dar-Es-Salaam Declaration on Peace, Security, Democracy and Development in the Great Lakes Region (2004-11-20)</a>), in 1 peace process (African Great Lakes: Regional Process).</li></ul>",,,,,,,,,,,,,,,,,,,,894.0,Zambia,12.0,26.0,1.0,1.0,4.0,2.0,12.0,28.0,-1.0,-3.0,-2.0,0.0,-50.0,-75.0,-7.142857142857142,0.0,2025-08-15,57.0,165,Zambia ranked 57 out of 165 countries in the Global Peace Index (2024).,92.0,181,Zambia ranked 92 out of 181 countries in the Corruption Perception Index (2024).,"In the current period of analysis (Jul 2024) by the <a href='https://data.humdata.org/dataset/global-acute-food-insecurity-country-data', target='_blank'>IPC</a>, 29% of the population of Zambia are in IPC Phase 3+ (in food crisis), an estimated 4951455 people. 0% (84050 people) are estimated to be in Phase 4 (emergency).","In Zambia there has been a total of 186 people displaced, with 513 new displacements in 2024 [<a href='https://data.humdata.org/dataset/idmc-internal-displacements-new-displacements-idps', target='_blank'>IDMC</a>].","There is 1 current crisis and severity category listed in the <a href=""https://www.acaps.org/en/thematics/all-topics/inform-severity-index"" target=""_blank"">INFORM Severity Index</a> for Zambia: Drought in Zambia (High), as of 29/07/25.",,"<ul><li>In the current period of analysis (Jul 2024) by the <a href='https://data.humdata.org/dataset/global-acute-food-insecurity-country-data', target='_blank'>IPC</a>, 29% of the population of Zambia are in IPC Phase 3+ (in food crisis), an estimated 4951455 people. 0% (84050 people) are estimated to be in Phase 4 (emergency).</li><li>In Zambia there has been a total of 186 people displaced, with 513 new displacements in 2024 [<a href='https://data.humdata.org/dataset/idmc-internal-displacements-new-displacements-idps', target='_blank'>IDMC</a>].</li><li>There is 1 current crisis and severity category listed in the <a href=""https://www.acaps.org/en/thematics/all-topics/inform-severity-index"" target=""_blank"">INFORM Severity Index</a> for Zambia: Drought in Zambia (High), as of 29/07/25.</li></ul>","<ul><li>Zambia ranked 57 out of 165 countries in the Global Peace Index (2024).</li><li>Zambia ranked 92 out of 181 countries in the Corruption Perception Index (2024).</li><li>In the current period of analysis (Jul 2024) by the <a href='https://data.humdata.org/dataset/global-acute-food-insecurity-country-data', target='_blank'>IPC</a>, 29% of the population of Zambia are in IPC Phase 3+ (in food crisis), an estimated 4951455 people. 0% (84050 people) are estimated to be in Phase 4 (emergency).</li><li>In Zambia there has been a total of 186 people displaced, with 513 new displacements in 2024 [<a href='https://data.humdata.org/dataset/idmc-internal-displacements-new-displacements-idps', target='_blank'>IDMC</a>].</li><li>There is 1 current crisis and severity category listed in the <a href=""https://www.acaps.org/en/thematics/all-topics/inform-severity-index"" target=""_blank"">INFORM Severity Index</a> for Zambia: Drought in Zambia (High), as of 29/07/25.</li></ul>"
pax,Zimbabwe,152.0,ZWE,552.0,716.0,ZIM,2.0,All,https://www.peaceagreements.org/tracker/all,https://www.peaceagreements.org/agreements/search/?search_type=basic-search&countries=152&match_any_issues=True&name=&text=&signed_after=&signed_before=,3,1,"<ul><li>The most recent agreement signed in Zimbabwe was <a href=""https://www.peaceagreements.org/agreements/1340/"" target=""_blank"">Constitution of Zimbabwe Amendment (No 20) 2013 (2013-03-19)</a>, as part of the Zimbabwe post-election process.</li><li>There has been a total of 3 agreements in Zimbabwe, since the first agreement was signed in 2008 (<a href=""https://www.peaceagreements.org/agreements/828/"" target=""_blank"">Memorandum of Understanding between the Zimbabwe African National Union (Patriotic Front) and the two Movement for the Democratic Change Formations (2008-07-21)</a>), in 1 peace process (Zimbabwe post-election process).</li></ul>",,,,,,,,,,,,,,,,,,,,716.0,Zimbabwe,8.0,54.0,0.0,0.0,0.0,4.0,17.0,98.0,0.0,0.0,-44.0,-9.0,0.0,0.0,-44.89795918367347,-52.94117647058824,2025-08-15,121.0,165,Zimbabwe ranked 121 out of 165 countries in the Global Peace Index (2024).,158.0,181,Zimbabwe ranked 158 out of 181 countries in the Corruption Perception Index (2024).,"In the current period of analysis (Oct 2020) by the <a href='https://data.humdata.org/dataset/global-acute-food-insecurity-country-data', target='_blank'>IPC</a>, 27% of the population of Zimbabwe are in IPC Phase 3+ (in food crisis), an estimated 2605477 people. 6% (588235 people) are estimated to be in Phase 4 (emergency).","In Zimbabwe there has been a total of 401 people displaced, with 140 new displacements in 2024 [<a href='https://data.humdata.org/dataset/idmc-internal-displacements-new-displacements-idps', target='_blank'>IDMC</a>].","There is 1 current crisis and severity category listed in the <a href=""https://www.acaps.org/en/thematics/all-topics/inform-severity-index"" target=""_blank"">INFORM Severity Index</a> for Zimbabwe: Drought and political economic crisis in Zimbabwe (High), as of 30/07/25.",,"<ul><li>In the current period of analysis (Oct 2020) by the <a href='https://data.humdata.org/dataset/global-acute-food-insecurity-country-data', target='_blank'>IPC</a>, 27% of the population of Zimbabwe are in IPC Phase 3+ (in food crisis), an estimated 2605477 people. 6% (588235 people) are estimated to be in Phase 4 (emergency).</li><li>In Zimbabwe there has been a total of 401 people displaced, with 140 new displacements in 2024 [<a href='https://data.humdata.org/dataset/idmc-internal-displacements-new-displacements-idps', target='_blank'>IDMC</a>].</li><li>There is 1 current crisis and severity category listed in the <a href=""https://www.acaps.org/en/thematics/all-topics/inform-severity-index"" target=""_blank"">INFORM Severity Index</a> for Zimbabwe: Drought and political economic crisis in Zimbabwe (High), as of 30/07/25.</li></ul>","<ul><li>Zimbabwe ranked 121 out of 165 countries in the Global Peace Index (2024).</li><li>Zimbabwe ranked 158 out of 181 countries in the Corruption Perception Index (2024).</li><li>In the current period of analysis (Oct 2020) by the <a href='https://data.humdata.org/dataset/global-acute-food-insecurity-country-data', target='_blank'>IPC</a>, 27% of the population of Zimbabwe are in IPC Phase 3+ (in food crisis), an estimated 2605477 people. 6% (588235 people) are estimated to be in Phase 4 (emergency).</li><li>In Zimbabwe there has been a total of 401 people displaced, with 140 new displacements in 2024 [<a href='https://data.humdata.org/dataset/idmc-internal-displacements-new-displacements-idps', target='_blank'>IDMC</a>].</li><li>There is 1 current crisis and severity category listed in the <a href=""https://www.acaps.org/en/thematics/all-topics/inform-severity-index"" target=""_blank"">INFORM Severity Index</a> for Zimbabwe: Drought and political economic crisis in Zimbabwe (High), as of 30/07/25.</li></ul>"
conflict,Brazil,,BRA,140.0,76.0,BRA,0.0,Home,https://www.peaceagreements.org/tracker/,https://www.peaceagreements.org/agreements/search/,0,0,We found no agreements in PA-X for conflicts with Brazil,140.0,Brazil,502.0,462.0,1.0,1.0,3.0,3.0,1734.0,1536.0,-2.0,-2.0,-1074.0,-1232.0,-66.66666666666666,-66.66666666666666,-69.921875,-71.04959630911189,2025-07-31,76.0,Brazil,7293.0,11461.0,583.0,1024.0,548.0,886.0,6966.0,9620.0,138.0,35.0,1841.0,327.0,15.575620767494355,6.386861313868613,19.137214137214137,4.6942291128337645,2025-08-15,131.0,165,Brazil ranked 131 out of 165 countries in the Global Peace Index (2024).,107.0,181,Brazil ranked 107 out of 181 countries in the Corruption Perception Index (2024).,,"In Brazil there has been a total of 19,043 people displaced, with 19,043 new displacements in 2024 [<a href='https://data.humdata.org/dataset/idmc-internal-displacements-new-displacements-idps', target='_blank'>IDMC</a>].","There are 4 current crises and severity categories listed in the <a href=""https://www.acaps.org/en/thematics/all-topics/inform-severity-index"" target=""_blank"">INFORM Severity Index</a> for Brazil: Country level Brazil (Medium), Displacement from Venezuela to Brazil (Medium), Drought in the Amazonas (Medium), Floods in Rio Grande do Sul (Low), as of 28/07/25.",,"<ul><li>In Brazil there has been a total of 19,043 people displaced, with 19,043 new displacements in 2024 [<a href='https://data.humdata.org/dataset/idmc-internal-displacements-new-displacements-idps', target='_blank'>IDMC</a>].</li><li>There are 4 current crises and severity categories listed in the <a href=""https://www.acaps.org/en/thematics/all-topics/inform-severity-index"" target=""_blank"">INFORM Severity Index</a> for Brazil: Country level Brazil (Medium), Displacement from Venezuela to Brazil (Medium), Drought in the Amazonas (Medium), Floods in Rio Grande do Sul (Low), as of 28/07/25.</li></ul>","<ul><li>Brazil ranked 131 out of 165 countries in the Global Peace Index (2024).</li><li>Brazil ranked 107 out of 181 countries in the Corruption Perception Index (2024).</li><li>In Brazil there has been a total of 19,043 people displaced, with 19,043 new displacements in 2024 [<a href='https://data.humdata.org/dataset/idmc-internal-displacements-new-displacements-idps', target='_blank'>IDMC</a>].</li><li>There are 4 current crises and severity categories listed in the <a href=""https://www.acaps.org/en/thematics/all-topics/inform-severity-index"" target=""_blank"">INFORM Severity Index</a> for Brazil: Country level Brazil (Medium), Displacement from Venezuela to Brazil (Medium), Drought in the Amazonas (Medium), Floods in Rio Grande do Sul (Low), as of 28/07/25.</li></ul>"
conflict,Benin,,BEN,434.0,204.0,BEN,0.0,Home,https://www.peaceagreements.org/tracker/,https://www.peaceagreements.org/agreements/search/,0,0,We found no agreements in PA-X for conflicts with Benin,434.0,Benin,28.0,12.0,0.0,0.0,0.0,0.0,62.0,19.0,0.0,0.0,-7.0,-34.0,0.0,0.0,-36.84210526315789,-54.83870967741935,2025-07-31,204.0,Benin,471.0,347.0,4.0,6.0,16.0,10.0,280.0,447.0,-4.0,-12.0,-100.0,191.0,-40.0,-75.0,-22.371364653243848,68.21428571428572,2025-08-15,114.0,165,Benin ranked 114 out of 165 countries in the Global Peace Index (2024).,69.0,181,Benin ranked 69 out of 181 countries in the Corruption Perception Index (2024).,"In the current period of analysis (Mar 2025) by the <a href='https://data.humdata.org/dataset/global-acute-food-insecurity-country-data', target='_blank'>IPC</a>, 3% of the population of Benin are in IPC Phase 3+ (in food crisis), an estimated 410433 people.","In Benin, there has been a total of 12,501 people displaced as of end of 2024 [<a href='https://data.humdata.org/dataset/idmc-internal-displacements-new-displacements-idps', target='_blank'>IDMC</a>].","There is 1 current crisis and severity category listed in the <a href=""https://www.acaps.org/en/thematics/all-topics/inform-severity-index"" target=""_blank"">INFORM Severity Index</a> for Benin: Conflict in northern region of Benin (Medium), as of 29/07/25.",,"<ul><li>In the current period of analysis (Mar 2025) by the <a href='https://data.humdata.org/dataset/global-acute-food-insecurity-country-data', target='_blank'>IPC</a>, 3% of the population of Benin are in IPC Phase 3+ (in food crisis), an estimated 410433 people.</li><li>In Benin, there has been a total of 12,501 people displaced as of end of 2024 [<a href='https://data.humdata.org/dataset/idmc-internal-displacements-new-displacements-idps', target='_blank'>IDMC</a>].</li><li>There is 1 current crisis and severity category listed in the <a href=""https://www.acaps.org/en/thematics/all-topics/inform-severity-index"" target=""_blank"">INFORM Severity Index</a> for Benin: Conflict in northern region of Benin (Medium), as of 29/07/25.</li></ul>","<ul><li>Benin ranked 114 out of 165 countries in the Global Peace Index (2024).</li><li>Benin ranked 69 out of 181 countries in the Corruption Perception Index (2024).</li><li>In the current period of analysis (Mar 2025) by the <a href='https://data.humdata.org/dataset/global-acute-food-insecurity-country-data', target='_blank'>IPC</a>, 3% of the population of Benin are in IPC Phase 3+ (in food crisis), an estimated 410433 people.</li><li>In Benin, there has been a total of 12,501 people displaced as of end of 2024 [<a href='https://data.humdata.org/dataset/idmc-internal-displacements-new-displacements-idps', target='_blank'>IDMC</a>].</li><li>There is 1 current crisis and severity category listed in the <a href=""https://www.acaps.org/en/thematics/all-topics/inform-severity-index"" target=""_blank"">INFORM Severity Index</a> for Benin: Conflict in northern region of Benin (Medium), as of 29/07/25.</li></ul>"
conflict,Burkina Faso,,BFA,439.0,854.0,BFO,0.0,Home,https://www.peaceagreements.org/tracker/,https://www.peaceagreements.org/agreements/search/,0,0,We found no agreements in PA-X for conflicts with Burkina Faso,439.0,Burkina Faso,3296.0,489.0,308.0,63.0,91.0,51.0,4953.0,459.0,12.0,217.0,30.0,-1657.0,23.52941176470588,238.46153846153845,6.535947712418301,-33.4544720371492,2025-07-31,854.0,Burkina Faso,6091.0,1807.0,349.0,126.0,241.0,114.0,8391.0,1868.0,12.0,108.0,-61.0,-2300.0,10.526315789473683,44.81327800829876,-3.2655246252676657,-27.410320581575498,2025-08-15,149.0,165,Burkina Faso ranked 149 out of 165 countries in the Global Peace Index (2024).,82.0,181,Burkina Faso ranked 82 out of 181 countries in the Corruption Perception Index (2024).,"In the current period of analysis (Mar 2024) by the <a href='https://data.humdata.org/dataset/global-acute-food-insecurity-country-data', target='_blank'>IPC</a>, 7% of the population of Burkina Faso are in IPC Phase 3+ (in food crisis), an estimated 1749437 people. 0% (76124 people) are estimated to be in Phase 4 (emergency).","In Burkina Faso there has been a total of 2,062,534 people displaced, with 379,980 new displacements in 2024 [<a href='https://data.humdata.org/dataset/idmc-internal-displacements-new-displacements-idps', target='_blank'>IDMC</a>].","There is 1 current crisis and severity category listed in the <a href=""https://www.acaps.org/en/thematics/all-topics/inform-severity-index"" target=""_blank"">INFORM Severity Index</a> for Burkina Faso: Conflict and Climatic Shocks in Burkina Faso (Very High), as of 29/07/25.",,"<ul><li>In the current period of analysis (Mar 2024) by the <a href='https://data.humdata.org/dataset/global-acute-food-insecurity-country-data', target='_blank'>IPC</a>, 7% of the population of Burkina Faso are in IPC Phase 3+ (in food crisis), an estimated 1749437 people. 0% (76124 people) are estimated to be in Phase 4 (emergency).</li><li>In Burkina Faso there has been a total of 2,062,534 people displaced, with 379,980 new displacements in 2024 [<a href='https://data.humdata.org/dataset/idmc-internal-displacements-new-displacements-idps', target='_blank'>IDMC</a>].</li><li>There is 1 current crisis and severity category listed in the <a href=""https://www.acaps.org/en/thematics/all-topics/inform-severity-index"" target=""_blank"">INFORM Severity Index</a> for Burkina Faso: Conflict and Climatic Shocks in Burkina Faso (Very High), as of 29/07/25.</li></ul>","<ul><li>Burkina Faso ranked 149 out of 165 countries in the Global Peace Index (2024).</li><li>Burkina Faso ranked 82 out of 181 countries in the Corruption Perception Index (2024).</li><li>In the current period of analysis (Mar 2024) by the <a href='https://data.humdata.org/dataset/global-acute-food-insecurity-country-data', target='_blank'>IPC</a>, 7% of the population of Burkina Faso are in IPC Phase 3+ (in food crisis), an estimated 1749437 people. 0% (76124 people) are estimated to be in Phase 4 (emergency).</li><li>In Burkina Faso there has been a total of 2,062,534 people displaced, with 379,980 new displacements in 2024 [<a href='https://data.humdata.org/dataset/idmc-internal-displacements-new-displacements-idps', target='_blank'>IDMC</a>].</li><li>There is 1 current crisis and severity category listed in the <a href=""https://www.acaps.org/en/thematics/all-topics/inform-severity-index"" target=""_blank"">INFORM Severity Index</a> for Burkina Faso: Conflict and Climatic Shocks in Burkina Faso (Very High), as of 29/07/25.</li></ul>"
